{
  "additional_fields":[  
    {    
      "field_name":"restrict_table_access",
      "value":false
    },
    {    
      "field_name":"license_category",
      "value":"none"
    },
    {    
      "field_name":"licensable",
      "value":true
    },
    {    
      "field_name":"runtime_access_tracking",
      "value":"permissive"
    },
    {    
      "field_name":"trackable",
      "value":true
    },
    {    
      "field_name":"can_edit_in_studio",
      "value":false
    },
    {    
      "field_name":"js_level",
      "value":"helsinki_es5"
    },
    {    
      "field_name":"license_model",
      "value":"none"
    },
    {    
      "field_name":"scoped_administration",
      "value":false
    },
    {    
      "field_name":"enforce_license",
      "value":"log"
    }
  ],
  "app_info":{  
    "menu":"be21fe81f48ea300964fd80cacde4c80",
    "name":"app4opt",
    "scope":"sn_app4opt",
    "short_description":"",
    "sys_class_name":"sys_app",
    "sys_id":"7a21be81f48ea300964fd80cacde4ca6",
    "template":"",
    "user_role":"b221fe81f48ea300964fd80cacde4c83",
    "vendor":"",
    "vendor_code":"",
    "version":"1.0.0"
  },
  "authenticationScripts":[  
  ],
  "dependencies":[  
  ],
  "external_scope_configuration":[  
  ],
  "jobs":[  
  ],
  "menus":[  
    {    
      "sys_class_name":"sys_app_application",
      "sys_id":"be21fe81f48ea300964fd80cacde4c80",
      "sys_name":"app4opt",
      "sys_update_name":"sys_app_application_be21fe81f48ea300964fd80cacde4c80"
    }
  ],
  "modules":[  
    {    
      "arguments":null,
      "link_type":"LIST",
      "menu":"app4opt",
      "sys_class_name":"sys_app_module",
      "sys_id":"0f21fe81f48ea300964fd80cacde4cbc",
      "sys_name":"app4opt Table",
      "sys_update_name":"sys_app_module_0f21fe81f48ea300964fd80cacde4cbc",
      "table_filter":"",
      "table_name":"sn_app4opt_table",
      "title":"app4opt Table"
    }
  ],
  "other_files":[  
    {    
      "sys_class_name":"sys_embedded_help_role",
      "sys_id":"065132c1f48ea300964fd80cacde4cf7",
      "sys_name":"4a5132c1f48ea300964fd80cacde4cf5",
      "sys_update_name":"sys_embedded_help_role_065132c1f48ea300964fd80cacde4cf7"
    },
    {    
      "sys_class_name":"sys_security_acl",
      "sys_id":"3e21fe81f48ea300964fd80cacde4c91",
      "sys_name":"sn_app4opt_table",
      "sys_update_name":"sys_security_acl_3e21fe81f48ea300964fd80cacde4c91",
      "type":"record"
    },
    {    
      "sys_class_name":"sys_ui_module",
      "sys_id":"8b21fe81f48ea300964fd80cacde4ccc",
      "sys_name":"app4opt Table",
      "sys_update_name":"sys_ui_module_8b21fe81f48ea300964fd80cacde4ccc"
    },
    {    
      "sys_class_name":"sys_security_acl",
      "sys_id":"8f21fe81f48ea300964fd80cacde4ca0",
      "sys_name":"sn_app4opt_table",
      "sys_update_name":"sys_security_acl_8f21fe81f48ea300964fd80cacde4ca0",
      "type":"record"
    },
    {    
      "sys_class_name":"sys_security_acl",
      "sys_id":"be21fe81f48ea300964fd80cacde4c96",
      "sys_name":"sn_app4opt_table",
      "sys_update_name":"sys_security_acl_be21fe81f48ea300964fd80cacde4c96",
      "type":"record"
    },
    {    
      "sys_class_name":"sys_security_acl",
      "sys_id":"be21fe81f48ea300964fd80cacde4c9b",
      "sys_name":"sn_app4opt_table",
      "sys_update_name":"sys_security_acl_be21fe81f48ea300964fd80cacde4c9b",
      "type":"record"
    },
    {    
      "sys_class_name":"ua_table_licensing_config",
      "sys_id":"c321fe81f48ea300964fd80cacde4cb7",
      "sys_name":"sn_app4opt_table",
      "sys_update_name":"ua_table_licensing_config_c321fe81f48ea300964fd80cacde4cb7"
    },
    {    
      "sys_class_name":"sys_ui_application",
      "sys_id":"c321fe81f48ea300964fd80cacde4ccb",
      "sys_name":"app4opt",
      "sys_update_name":"sys_ui_application_c321fe81f48ea300964fd80cacde4ccb"
    }
  ],
  "properties":[  
  ],
  "roles":[  
    {    
      "sys_class_name":"sys_user_role",
      "sys_id":"b221fe81f48ea300964fd80cacde4c83",
      "sys_name":"sn_app4opt.user",
      "sys_update_name":"sys_user_role_b221fe81f48ea300964fd80cacde4c83"
    }
  ],
  "runtime_privileges":[  
  ],
  "table_columns":[  
  ],
  "table_extensions":[  
  ],
  "tables":[  
    {    
      "sys_class_name":"sys_db_object",
      "sys_id":"ba21be81f48ea300964fd80cacde4ca6",
      "sys_name":"app4opt Table",
      "sys_update_name":"sys_db_object_ba21be81f48ea300964fd80cacde4ca6",
      "table_name":"sn_app4opt_table"
    }
  ],
  "ui_pages":[  
  ],
  "users":[  
  ],
  "web_services":{  
    "inbound":[    
    ],
    "outbound":[    
    ]
  }
}