<?xml version="1.0" encoding="UTF-8"?><record_update table="sys_app">
    <sys_app action="INSERT_OR_UPDATE">
        <active>true</active>
        <can_edit_in_studio>false</can_edit_in_studio>
        <enforce_license>log</enforce_license>
        <js_level>helsinki_es5</js_level>
        <licensable>true</licensable>
        <license_category>none</license_category>
        <license_model>none</license_model>
        <logo/>
        <menu display_value="app4opt">be21fe81f48ea300964fd80cacde4c80</menu>
        <name>app4opt</name>
        <private>false</private>
        <restrict_table_access>false</restrict_table_access>
        <runtime_access_tracking>permissive</runtime_access_tracking>
        <scope>sn_app4opt</scope>
        <scoped_administration>false</scoped_administration>
        <short_description/>
        <source>sn_app4opt</source>
        <store_correlation_id/>
        <store_url/>
        <sys_class_name>sys_app</sys_class_name>
        <sys_code/>
        <sys_created_by>maint</sys_created_by>
        <sys_created_on>2018-11-26 20:09:42</sys_created_on>
        <sys_id>7a21be81f48ea300964fd80cacde4ca6</sys_id>
        <sys_mod_count>0</sys_mod_count>
        <sys_updated_by>maint</sys_updated_by>
        <sys_updated_on>2018-11-26 20:09:42</sys_updated_on>
        <template/>
        <trackable>true</trackable>
        <user_role display_value="sn_app4opt.user" name="sn_app4opt.user">b221fe81f48ea300964fd80cacde4c83</user_role>
        <vendor/>
        <vendor_prefix/>
        <version>1.0.0</version>
    </sys_app>
</record_update>
