<?xml version="1.0" encoding="UTF-8"?><record_update sys_domain="global" table="sys_ui_application">
    <sys_ui_application action="INSERT_OR_UPDATE">
        <active>true</active>
        <hint/>
        <name>app4opt</name>
        <order/>
        <roles>sn_app4opt.user</roles>
        <sys_class_name>sys_ui_application</sys_class_name>
        <sys_created_by>maint</sys_created_by>
        <sys_created_on>2018-11-26 20:09:43</sys_created_on>
        <sys_domain>global</sys_domain>
        <sys_domain_path>/</sys_domain_path>
        <sys_id>c321fe81f48ea300964fd80cacde4ccb</sys_id>
        <sys_mod_count>0</sys_mod_count>
        <sys_name>app4opt</sys_name>
        <sys_overrides/>
        <sys_package display_value="app4opt" source="sn_app4opt">7a21be81f48ea300964fd80cacde4ca6</sys_package>
        <sys_policy/>
        <sys_scope display_value="app4opt">7a21be81f48ea300964fd80cacde4ca6</sys_scope>
        <sys_update_name>sys_ui_application_c321fe81f48ea300964fd80cacde4ccb</sys_update_name>
        <sys_updated_by>maint</sys_updated_by>
        <sys_updated_on>2018-11-26 20:09:43</sys_updated_on>
    </sys_ui_application>
</record_update>
