<?xml version="1.0" encoding="UTF-8"?><record_update table="sys_user_role">
    <sys_user_role action="INSERT_OR_UPDATE">
        <assignable_by/>
        <can_delegate>true</can_delegate>
        <description/>
        <elevated_privilege>false</elevated_privilege>
        <grantable>true</grantable>
        <includes_roles/>
        <name>sn_app4opt.user</name>
        <requires_subscription>-1</requires_subscription>
        <scoped_admin>false</scoped_admin>
        <suffix>user</suffix>
        <sys_class_name>sys_user_role</sys_class_name>
        <sys_created_by>maint</sys_created_by>
        <sys_created_on>2018-11-26 20:09:42</sys_created_on>
        <sys_id>b221fe81f48ea300964fd80cacde4c83</sys_id>
        <sys_mod_count>0</sys_mod_count>
        <sys_name>sn_app4opt.user</sys_name>
        <sys_package display_value="app4opt" source="sn_app4opt">7a21be81f48ea300964fd80cacde4ca6</sys_package>
        <sys_policy/>
        <sys_scope display_value="app4opt">7a21be81f48ea300964fd80cacde4ca6</sys_scope>
        <sys_update_name>sys_user_role_b221fe81f48ea300964fd80cacde4c83</sys_update_name>
        <sys_updated_by>maint</sys_updated_by>
        <sys_updated_on>2018-11-26 20:09:42</sys_updated_on>
    </sys_user_role>
</record_update>
