<?xml version="1.0" encoding="UTF-8"?><record_update sys_domain="global" table="sys_ui_module">
    <sys_ui_module action="INSERT_OR_UPDATE">
        <active>true</active>
        <application display_value="app4opt">c321fe81f48ea300964fd80cacde4ccb</application>
        <filter/>
        <name>app4opt Table</name>
        <order/>
        <path/>
        <path_relative_to_root>false</path_relative_to_root>
        <roles>sn_app4opt.user</roles>
        <sys_class_name>sys_ui_module</sys_class_name>
        <sys_created_by>maint</sys_created_by>
        <sys_created_on>2018-11-26 20:09:43</sys_created_on>
        <sys_domain>global</sys_domain>
        <sys_domain_path>/</sys_domain_path>
        <sys_id>8b21fe81f48ea300964fd80cacde4ccc</sys_id>
        <sys_mod_count>0</sys_mod_count>
        <sys_name>app4opt Table</sys_name>
        <sys_package display_value="app4opt" source="sn_app4opt">7a21be81f48ea300964fd80cacde4ca6</sys_package>
        <sys_policy/>
        <sys_scope display_value="app4opt">7a21be81f48ea300964fd80cacde4ca6</sys_scope>
        <sys_update_name>sys_ui_module_8b21fe81f48ea300964fd80cacde4ccc</sys_update_name>
        <sys_updated_by>maint</sys_updated_by>
        <sys_updated_on>2018-11-26 20:09:43</sys_updated_on>
        <table>sn_app4opt_table</table>
        <uncancelable>false</uncancelable>
        <view_name/>
    </sys_ui_module>
</record_update>
