<?xml version="1.0" encoding="UTF-8"?><record_update table="sys_db_object">
    <sys_db_object action="INSERT_OR_UPDATE">
        <access>public</access>
        <actions_access>false</actions_access>
        <alter_access>false</alter_access>
        <client_scripts_access>false</client_scripts_access>
        <configuration_access>false</configuration_access>
        <create_access>false</create_access>
        <create_access_controls>true</create_access_controls>
        <delete_access>false</delete_access>
        <extension_model/>
        <is_extendable>false</is_extendable>
        <label>app4opt Table</label>
        <live_feed_enabled>false</live_feed_enabled>
        <name>sn_app4opt_table</name>
        <number_ref/>
        <provider_class/>
        <read_access>true</read_access>
        <super_class/>
        <sys_class_code/>
        <sys_class_name>sys_db_object</sys_class_name>
        <sys_class_path/>
        <sys_created_by>maint</sys_created_by>
        <sys_created_on>2018-11-26 20:09:43</sys_created_on>
        <sys_id>ba21be81f48ea300964fd80cacde4ca6</sys_id>
        <sys_mod_count>0</sys_mod_count>
        <sys_name>app4opt Table</sys_name>
        <sys_package display_value="app4opt" source="sn_app4opt">7a21be81f48ea300964fd80cacde4ca6</sys_package>
        <sys_policy/>
        <sys_scope display_value="app4opt">7a21be81f48ea300964fd80cacde4ca6</sys_scope>
        <sys_update_name>sys_db_object_ba21be81f48ea300964fd80cacde4ca6</sys_update_name>
        <sys_updated_by>maint</sys_updated_by>
        <sys_updated_on>2018-11-26 20:09:43</sys_updated_on>
        <update_access>false</update_access>
        <user_role display_value="sn_app4opt.user" name="sn_app4opt.user">b221fe81f48ea300964fd80cacde4c83</user_role>
        <ws_access>true</ws_access>
    </sys_db_object>
</record_update>
