<?xml version="1.0" encoding="UTF-8"?><record_update table="sys_security_acl">
    <sys_security_acl action="INSERT_OR_UPDATE">
        <active>true</active>
        <admin_overrides>true</admin_overrides>
        <advanced>false</advanced>
        <condition/>
        <description>Default access control on sn_app4opt_table</description>
        <name>sn_app4opt_table</name>
        <operation display_value="delete">delete</operation>
        <script/>
        <sys_class_name>sys_security_acl</sys_class_name>
        <sys_created_by>maint</sys_created_by>
        <sys_created_on>2018-11-26 20:09:43</sys_created_on>
        <sys_id>8f21fe81f48ea300964fd80cacde4ca0</sys_id>
        <sys_mod_count>0</sys_mod_count>
        <sys_name>sn_app4opt_table</sys_name>
        <sys_package display_value="app4opt" source="sn_app4opt">7a21be81f48ea300964fd80cacde4ca6</sys_package>
        <sys_policy/>
        <sys_scope display_value="app4opt">7a21be81f48ea300964fd80cacde4ca6</sys_scope>
        <sys_update_name>sys_security_acl_8f21fe81f48ea300964fd80cacde4ca0</sys_update_name>
        <sys_updated_by>maint</sys_updated_by>
        <sys_updated_on>2018-11-26 20:09:43</sys_updated_on>
        <type display_value="record">record</type>
    </sys_security_acl>
</record_update>
