<?xml version="1.0" encoding="UTF-8"?><record_update table="sys_embedded_help_role">
    <sys_embedded_help_role action="INSERT_OR_UPDATE">
        <order>1000</order>
        <role display_value="sn_app5corev2.user" name="sn_app5corev2.user">4a5132c1f48ea300964fd80cacde4cf5</role>
        <sys_class_name>sys_embedded_help_role</sys_class_name>
        <sys_created_by>maint</sys_created_by>
        <sys_created_on>2018-11-26 20:10:28</sys_created_on>
        <sys_id>065132c1f48ea300964fd80cacde4cf7</sys_id>
        <sys_mod_count>0</sys_mod_count>
        <sys_name>4a5132c1f48ea300964fd80cacde4cf5</sys_name>
        <sys_package display_value="app4opt" source="sn_app4opt">7a21be81f48ea300964fd80cacde4ca6</sys_package>
        <sys_policy/>
        <sys_scope display_value="app4opt">7a21be81f48ea300964fd80cacde4ca6</sys_scope>
        <sys_update_name>sys_embedded_help_role_065132c1f48ea300964fd80cacde4cf7</sys_update_name>
        <sys_updated_by>maint</sys_updated_by>
        <sys_updated_on>2018-11-26 20:10:28</sys_updated_on>
    </sys_embedded_help_role>
</record_update>
