<?xml version="1.0" encoding="UTF-8"?><record_update>
    <sys_documentation element="" label="app4opt Table" language="en" table="sn_app4opt_table">
        <sys_documentation action="INSERT_OR_UPDATE">
            <element/>
            <help/>
            <hint/>
            <label>app4opt Table</label>
            <language>en</language>
            <name>sn_app4opt_table</name>
            <plural>app4opt Tables</plural>
            <sys_class_name>sys_documentation</sys_class_name>
            <sys_created_by>maint</sys_created_by>
            <sys_created_on>2018-11-26 20:09:43</sys_created_on>
            <sys_id>4b21fe81f48ea300964fd80cacde4cac</sys_id>
            <sys_mod_count>0</sys_mod_count>
            <sys_name>app4opt Table</sys_name>
            <sys_package display_value="app4opt" source="sn_app4opt">7a21be81f48ea300964fd80cacde4ca6</sys_package>
            <sys_policy/>
            <sys_scope display_value="app4opt">7a21be81f48ea300964fd80cacde4ca6</sys_scope>
            <sys_update_name>sys_documentation_sn_app4opt_table__en</sys_update_name>
            <sys_updated_by>maint</sys_updated_by>
            <sys_updated_on>2018-11-26 20:09:43</sys_updated_on>
            <url/>
            <url_target/>
        </sys_documentation>
    </sys_documentation>
</record_update>
