<?xml version="1.0" encoding="UTF-8"?><record_update table="sys_security_acl_role">
    <sys_security_acl_role action="INSERT_OR_UPDATE">
        <sys_class_name>sys_security_acl_role</sys_class_name>
        <sys_created_by>maint</sys_created_by>
        <sys_created_on>2018-11-26 20:09:43</sys_created_on>
        <sys_id>4721fe81f48ea300964fd80cacde4ca3</sys_id>
        <sys_mod_count>0</sys_mod_count>
        <sys_name>sn_app4opt_table.sn_app4opt.user</sys_name>
        <sys_package display_value="app4opt" source="sn_app4opt">7a21be81f48ea300964fd80cacde4ca6</sys_package>
        <sys_policy/>
        <sys_scope display_value="app4opt">7a21be81f48ea300964fd80cacde4ca6</sys_scope>
        <sys_security_acl display_value="sn_app4opt_table">8f21fe81f48ea300964fd80cacde4ca0</sys_security_acl>
        <sys_update_name>sys_security_acl_role_4721fe81f48ea300964fd80cacde4ca3</sys_update_name>
        <sys_updated_by>maint</sys_updated_by>
        <sys_updated_on>2018-11-26 20:09:43</sys_updated_on>
        <sys_user_role display_value="sn_app4opt.user" name="sn_app4opt.user">b221fe81f48ea300964fd80cacde4c83</sys_user_role>
        <transaction_id/>
    </sys_security_acl_role>
</record_update>
