<?xml version="1.0" encoding="UTF-8"?><record_update table="ua_table_licensing_config">
    <ua_table_licensing_config action="INSERT_OR_UPDATE">
        <is_fulfillment>false</is_fulfillment>
        <license_condition/>
        <license_model>none</license_model>
        <license_roles/>
        <name>sn_app4opt_table</name>
        <op_delete>true</op_delete>
        <op_insert>true</op_insert>
        <op_update>true</op_update>
        <owner_condition/>
        <sys_class_name>ua_table_licensing_config</sys_class_name>
        <sys_created_by>maint</sys_created_by>
        <sys_created_on>2018-11-26 20:09:43</sys_created_on>
        <sys_id>c321fe81f48ea300964fd80cacde4cb7</sys_id>
        <sys_mod_count>0</sys_mod_count>
        <sys_name>sn_app4opt_table</sys_name>
        <sys_package display_value="app4opt" source="sn_app4opt">7a21be81f48ea300964fd80cacde4ca6</sys_package>
        <sys_policy/>
        <sys_scope display_value="app4opt">7a21be81f48ea300964fd80cacde4ca6</sys_scope>
        <sys_update_name>ua_table_licensing_config_c321fe81f48ea300964fd80cacde4cb7</sys_update_name>
        <sys_updated_by>maint</sys_updated_by>
        <sys_updated_on>2018-11-26 20:09:43</sys_updated_on>
    </ua_table_licensing_config>
</record_update>
