<?xml version="1.0" encoding="UTF-8"?>
<record_update table="sys_hub_action_instance">
    <sys_hub_action_instance action="INSERT_OR_UPDATE">
        <action_inputs/>
        <action_inputs/>
        <action_type display_value="Security Incident Flow Response Task">8c19ca97db744300346ff2b6ae96190b</action_type>
        <comment>Rogue server or service verified?</comment>
        <compiled_snapshot display_value="Security Incident Flow Response Task">8c19ca97db744300346ff2b6ae96190b</compiled_snapshot>
        <display_text/>
        <flow display_value="Security Incident - Rogue Server or Service - Template">a37f4a5bdb744300346ff2b6ae96192c</flow>
        <order>1</order>
        <parent_ui_id/>
        <sys_class_name>sys_hub_action_instance</sys_class_name>
        <sys_created_by>stefan.grabs</sys_created_by>
        <sys_created_on>2017-08-30 21:53:37</sys_created_on>
        <sys_id>d0c012dbdb744300346ff2b6ae961919</sys_id>
        <sys_mod_count>5</sys_mod_count>
        <sys_name/>
        <sys_package display_value="Security Operations Spoke" source="sn_sec_spoke">8ef54857dbc14300d11f77bcbf961975</sys_package>
        <sys_policy>read</sys_policy>
        <sys_scope display_value="Security Operations Spoke">8ef54857dbc14300d11f77bcbf961975</sys_scope>
        <sys_update_name>sys_hub_action_instance_d0c012dbdb744300346ff2b6ae961919</sys_update_name>
        <sys_updated_by>stefan.grabs</sys_updated_by>
        <sys_updated_on>2017-08-30 22:11:30</sys_updated_on>
        <ui_id>c71c329a-2f34-44be-883b-053a27d018aa</ui_id>
    </sys_hub_action_instance>
    <sys_variable_value action="delete_multiple" query="document_key=d0c012dbdb744300346ff2b6ae961919"/>
    <sys_variable_value action="INSERT_OR_UPDATE">
        <document>sys_hub_action_instance</document>
        <document_key>d0c012dbdb744300346ff2b6ae961919</document_key>
        <order>3</order>
        <sys_class_name>sys_variable_value</sys_class_name>
        <sys_created_by>stefan.grabs</sys_created_by>
        <sys_created_on>2017-08-30 21:53:40</sys_created_on>
        <sys_id>30c012dbdb744300346ff2b6ae9619af</sys_id>
        <sys_mod_count>0</sys_mod_count>
        <sys_updated_by>stefan.grabs</sys_updated_by>
        <sys_updated_on>2017-08-30 21:53:40</sys_updated_on>
        <value>1</value>
        <variable display_value="">e019ca97db744300346ff2b6ae96194b</variable>
    </sys_variable_value>
    <sys_variable_value action="INSERT_OR_UPDATE">
        <document>sys_hub_action_instance</document>
        <document_key>d0c012dbdb744300346ff2b6ae961919</document_key>
        <order>3</order>
        <sys_class_name>sys_variable_value</sys_class_name>
        <sys_created_by>stefan.grabs</sys_created_by>
        <sys_created_on>2017-08-30 21:53:38</sys_created_on>
        <sys_id>54c012dbdb744300346ff2b6ae96191d</sys_id>
        <sys_mod_count>0</sys_mod_count>
        <sys_updated_by>stefan.grabs</sys_updated_by>
        <sys_updated_on>2017-08-30 21:53:38</sys_updated_on>
        <value>1</value>
        <variable display_value="">569af11fdb344300346ff2b6ae961991</variable>
    </sys_variable_value>
    <sys_variable_value action="INSERT_OR_UPDATE">
        <document>sys_hub_action_instance</document>
        <document_key>d0c012dbdb744300346ff2b6ae961919</document_key>
        <order>1</order>
        <sys_class_name>sys_variable_value</sys_class_name>
        <sys_created_by>stefan.grabs</sys_created_by>
        <sys_created_on>2017-08-30 21:53:40</sys_created_on>
        <sys_id>7cc012dbdb744300346ff2b6ae9619ae</sys_id>
        <sys_mod_count>0</sys_mod_count>
        <sys_updated_by>stefan.grabs</sys_updated_by>
        <sys_updated_on>2017-08-30 21:53:40</sys_updated_on>
        <value>Rogue server or service verified?</value>
        <variable display_value="">cc19ca97db744300346ff2b6ae961927</variable>
    </sys_variable_value>
    <sys_variable_value action="INSERT_OR_UPDATE">
        <document>sys_hub_action_instance</document>
        <document_key>d0c012dbdb744300346ff2b6ae961919</document_key>
        <order>1</order>
        <sys_class_name>sys_variable_value</sys_class_name>
        <sys_created_by>stefan.grabs</sys_created_by>
        <sys_created_on>2017-08-30 21:53:38</sys_created_on>
        <sys_id>90c012dbdb744300346ff2b6ae96191d</sys_id>
        <sys_mod_count>0</sys_mod_count>
        <sys_updated_by>stefan.grabs</sys_updated_by>
        <sys_updated_on>2017-08-30 21:53:38</sys_updated_on>
        <value>Rogue server or service verified?</value>
        <variable display_value="">c69af11fdb344300346ff2b6ae96196e</variable>
    </sys_variable_value>
    <sys_variable_value action="INSERT_OR_UPDATE">
        <document>sys_hub_action_instance</document>
        <document_key>d0c012dbdb744300346ff2b6ae961919</document_key>
        <order>2</order>
        <sys_class_name>sys_variable_value</sys_class_name>
        <sys_created_by>stefan.grabs</sys_created_by>
        <sys_created_on>2017-08-30 21:53:40</sys_created_on>
        <sys_id>b8c012dbdb744300346ff2b6ae9619ae</sys_id>
        <sys_mod_count>0</sys_mod_count>
        <sys_updated_by>stefan.grabs</sys_updated_by>
        <sys_updated_on>2017-08-30 21:53:40</sys_updated_on>
        <value>yes_no</value>
        <variable display_value="">5c19ca97db744300346ff2b6ae96193f</variable>
    </sys_variable_value>
    <sys_variable_value action="INSERT_OR_UPDATE">
        <document>sys_hub_action_instance</document>
        <document_key>d0c012dbdb744300346ff2b6ae961919</document_key>
        <order>2</order>
        <sys_class_name>sys_variable_value</sys_class_name>
        <sys_created_by>stefan.grabs</sys_created_by>
        <sys_created_on>2017-08-30 21:53:38</sys_created_on>
        <sys_id>dcc012dbdb744300346ff2b6ae96191c</sys_id>
        <sys_mod_count>0</sys_mod_count>
        <sys_updated_by>stefan.grabs</sys_updated_by>
        <sys_updated_on>2017-08-30 21:53:38</sys_updated_on>
        <value>yes_no</value>
        <variable display_value="">52090a97db744300346ff2b6ae9619b5</variable>
    </sys_variable_value>
    <sys_element_mapping action="delete_multiple" query="id=d0c012dbdb744300346ff2b6ae961919"/>
    <sys_element_mapping action="INSERT_OR_UPDATE">
        <field>ah_outcome_type</field>
        <id>d0c012dbdb744300346ff2b6ae961919</id>
        <sys_created_by>stefan.grabs</sys_created_by>
        <sys_created_on>2017-08-30 21:53:40</sys_created_on>
        <sys_id>74c012dbdb744300346ff2b6ae9619ae</sys_id>
        <sys_mod_count>0</sys_mod_count>
        <sys_updated_by>stefan.grabs</sys_updated_by>
        <sys_updated_on>2017-08-30 21:53:40</sys_updated_on>
        <table>var__m_sys_hub_action_input_8c19ca97db744300346ff2b6ae96190b</table>
        <value/>
    </sys_element_mapping>
    <sys_element_mapping action="INSERT_OR_UPDATE">
        <field>ah_outcome_type</field>
        <id>d0c012dbdb744300346ff2b6ae961919</id>
        <sys_created_by>stefan.grabs</sys_created_by>
        <sys_created_on>2017-08-30 21:53:38</sys_created_on>
        <sys_id>98c012dbdb744300346ff2b6ae96191c</sys_id>
        <sys_mod_count>0</sys_mod_count>
        <sys_updated_by>stefan.grabs</sys_updated_by>
        <sys_updated_on>2017-08-30 21:53:38</sys_updated_on>
        <table>var__m_sys_hub_action_input_f5a8b1dbdb344300346ff2b6ae96190a</table>
        <value/>
    </sys_element_mapping>
    <sys_element_mapping action="INSERT_OR_UPDATE">
        <field>ah_parent_task</field>
        <id>d0c012dbdb744300346ff2b6ae961919</id>
        <sys_created_by>stefan.grabs</sys_created_by>
        <sys_created_on>2017-08-30 21:53:38</sys_created_on>
        <sys_id>14c012dbdb744300346ff2b6ae96191c</sys_id>
        <sys_mod_count>0</sys_mod_count>
        <sys_updated_by>stefan.grabs</sys_updated_by>
        <sys_updated_on>2017-08-30 21:53:38</sys_updated_on>
        <table>var__m_sys_hub_action_input_f5a8b1dbdb344300346ff2b6ae96190a</table>
        <value>{{Created or Updated_1.current}}</value>
    </sys_element_mapping>
    <sys_element_mapping action="INSERT_OR_UPDATE">
        <field>ah_parent_task</field>
        <id>d0c012dbdb744300346ff2b6ae961919</id>
        <sys_created_by>stefan.grabs</sys_created_by>
        <sys_created_on>2017-08-30 21:53:40</sys_created_on>
        <sys_id>fcc012dbdb744300346ff2b6ae9619ad</sys_id>
        <sys_mod_count>0</sys_mod_count>
        <sys_updated_by>stefan.grabs</sys_updated_by>
        <sys_updated_on>2017-08-30 21:53:40</sys_updated_on>
        <table>var__m_sys_hub_action_input_8c19ca97db744300346ff2b6ae96190b</table>
        <value>{{Created or Updated_1.current}}</value>
    </sys_element_mapping>
    <sys_element_mapping action="INSERT_OR_UPDATE">
        <field>ah_short_description</field>
        <id>d0c012dbdb744300346ff2b6ae961919</id>
        <sys_created_by>stefan.grabs</sys_created_by>
        <sys_created_on>2017-08-30 21:53:40</sys_created_on>
        <sys_id>38c012dbdb744300346ff2b6ae9619ae</sys_id>
        <sys_mod_count>0</sys_mod_count>
        <sys_updated_by>stefan.grabs</sys_updated_by>
        <sys_updated_on>2017-08-30 21:53:40</sys_updated_on>
        <table>var__m_sys_hub_action_input_8c19ca97db744300346ff2b6ae96190b</table>
        <value/>
    </sys_element_mapping>
    <sys_element_mapping action="INSERT_OR_UPDATE">
        <field>ah_short_description</field>
        <id>d0c012dbdb744300346ff2b6ae961919</id>
        <sys_created_by>stefan.grabs</sys_created_by>
        <sys_created_on>2017-08-30 21:53:38</sys_created_on>
        <sys_id>5cc012dbdb744300346ff2b6ae96191c</sys_id>
        <sys_mod_count>0</sys_mod_count>
        <sys_updated_by>stefan.grabs</sys_updated_by>
        <sys_updated_on>2017-08-30 21:53:38</sys_updated_on>
        <table>var__m_sys_hub_action_input_f5a8b1dbdb344300346ff2b6ae96190a</table>
        <value/>
    </sys_element_mapping>
    <sys_element_mapping action="INSERT_OR_UPDATE">
        <field>ah_wait_for_completion</field>
        <id>d0c012dbdb744300346ff2b6ae961919</id>
        <sys_created_by>stefan.grabs</sys_created_by>
        <sys_created_on>2017-08-30 21:53:40</sys_created_on>
        <sys_id>b0c012dbdb744300346ff2b6ae9619ae</sys_id>
        <sys_mod_count>0</sys_mod_count>
        <sys_updated_by>stefan.grabs</sys_updated_by>
        <sys_updated_on>2017-08-30 21:53:40</sys_updated_on>
        <table>var__m_sys_hub_action_input_8c19ca97db744300346ff2b6ae96190b</table>
        <value/>
    </sys_element_mapping>
    <sys_element_mapping action="INSERT_OR_UPDATE">
        <field>ah_wait_for_completion</field>
        <id>d0c012dbdb744300346ff2b6ae961919</id>
        <sys_created_by>stefan.grabs</sys_created_by>
        <sys_created_on>2017-08-30 21:53:38</sys_created_on>
        <sys_id>d4c012dbdb744300346ff2b6ae96191c</sys_id>
        <sys_mod_count>0</sys_mod_count>
        <sys_updated_by>stefan.grabs</sys_updated_by>
        <sys_updated_on>2017-08-30 21:53:38</sys_updated_on>
        <table>var__m_sys_hub_action_input_f5a8b1dbdb344300346ff2b6ae96190a</table>
        <value/>
    </sys_element_mapping>
</record_update>
