<?xml version="1.0" encoding="UTF-8"?>
<record_update table="sys_flow_trigger_plan">
    <sys_flow_trigger_plan action="INSERT_OR_UPDATE">
        <binding_strategy>com.snc.process_flow.engine.binding.OncePerRecord</binding_strategy>
        <plan/>
        <plan_id>3cf0ce13db744300346ff2b6ae96191f</plan_id>
        <snapshot>1235169fdb744300346ff2b6ae9619e9</snapshot>
        <sys_class_name>sys_flow_trigger_plan</sys_class_name>
        <sys_created_by>stefan.grabs</sys_created_by>
        <sys_created_on>2017-08-30 22:13:16</sys_created_on>
        <sys_id>4045569fdb744300346ff2b6ae9619b9</sys_id>
        <sys_mod_count>0</sys_mod_count>
        <sys_name>4845569fdb744300346ff2b6ae9619b7</sys_name>
        <sys_package display_value="Security Operations Spoke" source="sn_sec_spoke">8ef54857dbc14300d11f77bcbf961975</sys_package>
        <sys_policy>read</sys_policy>
        <sys_scope display_value="Security Operations Spoke">8ef54857dbc14300d11f77bcbf961975</sys_scope>
        <sys_update_name>sys_flow_trigger_plan_4045569fdb744300346ff2b6ae9619b9</sys_update_name>
        <sys_updated_by>stefan.grabs</sys_updated_by>
        <sys_updated_on>2017-08-30 22:13:16</sys_updated_on>
        <trigger display_value="">4845569fdb744300346ff2b6ae9619b7</trigger>
    </sys_flow_trigger_plan>
</record_update>
