<?xml version="1.0" encoding="UTF-8"?>
<record_update table="sys_hub_flow_logic">
    <sys_hub_flow_logic action="INSERT_OR_UPDATE">
        <block display_value="">d7e60657db744300346ff2b6ae9619f7</block>
        <connected_to/>
        <display_text/>
        <flow display_value="Security Incident - Denial of Service - Template">c3f2311bdb344300346ff2b6ae9619c8</flow>
        <inputs/>
        <logic_definition display_value="If">af4e1945c3e232002841b63b12d3ae3e</logic_definition>
        <order>2</order>
        <parent_ui_id/>
        <sys_class_name>sys_hub_flow_logic</sys_class_name>
        <sys_created_by>stefan.grabs</sys_created_by>
        <sys_created_on>2017-08-30 21:10:42</sys_created_on>
        <sys_id>9be60657db744300346ff2b6ae9619f8</sys_id>
        <sys_mod_count>5</sys_mod_count>
        <sys_name/>
        <sys_package display_value="Security Operations Spoke" source="sn_sec_spoke">8ef54857dbc14300d11f77bcbf961975</sys_package>
        <sys_policy>read</sys_policy>
        <sys_scope display_value="Security Operations Spoke">8ef54857dbc14300d11f77bcbf961975</sys_scope>
        <sys_update_name>sys_hub_flow_logic_9be60657db744300346ff2b6ae9619f8</sys_update_name>
        <sys_updated_by>stefan.grabs</sys_updated_by>
        <sys_updated_on>2017-08-30 22:14:50</sys_updated_on>
        <ui_id>35b8b67b-905e-43b4-84ba-dd6b3b7a5111</ui_id>
    </sys_hub_flow_logic>
    <sys_variable_value action="delete_multiple" query="document_key=9be60657db744300346ff2b6ae9619f8"/>
    <sys_variable_value action="INSERT_OR_UPDATE">
        <document>sys_hub_flow_logic</document>
        <document_key>9be60657db744300346ff2b6ae9619f8</document_key>
        <order>20</order>
        <sys_class_name>sys_variable_value</sys_class_name>
        <sys_created_by>stefan.grabs</sys_created_by>
        <sys_created_on>2017-08-30 21:10:42</sys_created_on>
        <sys_id>1be60657db744300346ff2b6ae9619fb</sys_id>
        <sys_mod_count>0</sys_mod_count>
        <sys_updated_by>stefan.grabs</sys_updated_by>
        <sys_updated_on>2017-08-30 21:10:42</sys_updated_on>
        <value>{{239447a8-e629-46c2-8225-6fba5f9dcbeb.Security Incident Flow Response Task.outcome}}=yes</value>
        <variable display_value="">9a5f5105c32632002841b63b12d3ae46</variable>
    </sys_variable_value>
</record_update>
