<?xml version="1.0" encoding="UTF-8"?>
<record_update table="sys_hub_action_instance">
  <sys_hub_action_instance action="INSERT_OR_UPDATE">
    <action_inputs/>
    <action_inputs/>
    <action_type display_value="Wait For Condition">d3f92c160b10030085c083eb37673a7f</action_type>
    <comment>Wait for: Update email software</comment>
    <compiled_snapshot display_value="Wait For Condition">d3f92c160b10030085c083eb37673a7f</compiled_snapshot>
    <display_text/>
    <flow display_value="Security Incident - Spam - Template">9cd052dbdb744300346ff2b6ae961966</flow>
    <order>3.5</order>
    <parent_ui_id>a9f3e2ab-977e-48dc-a534-8d480a5bb6d8</parent_ui_id>
    <sys_class_name>sys_hub_action_instance</sys_class_name>
    <sys_created_by>stefan.grabs</sys_created_by>
    <sys_created_on>2017-08-30 21:58:01</sys_created_on>
    <sys_id>20c15adbdb744300346ff2b6ae96199d</sys_id>
    <sys_mod_count>5</sys_mod_count>
    <sys_name/>
    <sys_package display_value="Security Operations Spoke" source="sn_sec_spoke">8ef54857dbc14300d11f77bcbf961975</sys_package>
    <sys_policy>read</sys_policy>
    <sys_scope display_value="Security Operations Spoke">8ef54857dbc14300d11f77bcbf961975</sys_scope>
    <sys_update_name>sys_hub_action_instance_20c15adbdb744300346ff2b6ae96199d</sys_update_name>
    <sys_updated_by>admin</sys_updated_by>
    <sys_updated_on>2017-09-20 05:32:42</sys_updated_on>
    <ui_id>e5019d0f-4dee-4659-b44c-897aab08d349</ui_id>
  </sys_hub_action_instance>
  <sys_variable_value action="delete_multiple" query="document_key=20c15adbdb744300346ff2b6ae96199d"/>
  <sys_variable_value action="INSERT_OR_UPDATE">
    <document>sys_hub_action_instance</document>
    <document_key>20c15adbdb744300346ff2b6ae96199d</document_key>
    <order>1</order>
    <sys_class_name>sys_variable_value</sys_class_name>
    <sys_created_by>stefan.grabs</sys_created_by>
    <sys_created_on>2017-08-30 21:58:01</sys_created_on>
    <sys_id>a8c15adbdb744300346ff2b6ae9619a0</sys_id>
    <sys_mod_count>0</sys_mod_count>
    <sys_updated_by>stefan.grabs</sys_updated_by>
    <sys_updated_on>2017-08-30 21:58:01</sys_updated_on>
    <value>sn_si_task</value>
    <variable display_value="">1ff92c160b10030085c083eb37673a81</variable>
  </sys_variable_value>
  <sys_variable_value action="INSERT_OR_UPDATE">
    <document>sys_hub_action_instance</document>
    <document_key>20c15adbdb744300346ff2b6ae96199d</document_key>
    <order>2</order>
    <sys_class_name>sys_variable_value</sys_class_name>
    <sys_created_by>stefan.grabs</sys_created_by>
    <sys_created_on>2017-08-30 21:58:01</sys_created_on>
    <sys_id>e4c15adbdb744300346ff2b6ae9619a0</sys_id>
    <sys_mod_count>0</sys_mod_count>
    <sys_updated_by>stefan.grabs</sys_updated_by>
    <sys_updated_on>2017-08-30 21:58:01</sys_updated_on>
    <value>active=false</value>
    <variable display_value="">5ff92c160b10030085c083eb37673ac1</variable>
  </sys_variable_value>
  <sys_element_mapping action="delete_multiple" query="id=20c15adbdb744300346ff2b6ae96199d"/>
  <sys_element_mapping action="INSERT_OR_UPDATE">
    <field>conditions</field>
    <id>20c15adbdb744300346ff2b6ae96199d</id>
    <sys_created_by>stefan.grabs</sys_created_by>
    <sys_created_on>2017-08-30 21:58:01</sys_created_on>
    <sys_id>ecc15adbdb744300346ff2b6ae96199f</sys_id>
    <sys_mod_count>0</sys_mod_count>
    <sys_updated_by>stefan.grabs</sys_updated_by>
    <sys_updated_on>2017-08-30 21:58:01</sys_updated_on>
    <table>var__m_sys_hub_action_input_d3f92c160b10030085c083eb37673a7f</table>
    <value/>
  </sys_element_mapping>
  <sys_element_mapping action="INSERT_OR_UPDATE">
    <field>record</field>
    <id>20c15adbdb744300346ff2b6ae96199d</id>
    <sys_created_by>stefan.grabs</sys_created_by>
    <sys_created_on>2017-08-30 21:58:01</sys_created_on>
    <sys_id>64c15adbdb744300346ff2b6ae9619a0</sys_id>
    <sys_mod_count>0</sys_mod_count>
    <sys_updated_by>stefan.grabs</sys_updated_by>
    <sys_updated_on>2017-08-30 21:58:01</sys_updated_on>
    <table>var__m_sys_hub_action_input_d3f92c160b10030085c083eb37673a7f</table>
    <value>{{e2b52c5f-ca01-4413-9290-72e85bf98450.Security Incident Flow Response Task}}</value>
  </sys_element_mapping>
  <sys_element_mapping action="INSERT_OR_UPDATE">
    <field>table_name</field>
    <id>20c15adbdb744300346ff2b6ae96199d</id>
    <sys_created_by>stefan.grabs</sys_created_by>
    <sys_created_on>2017-08-30 21:58:01</sys_created_on>
    <sys_id>a0c15adbdb744300346ff2b6ae9619a0</sys_id>
    <sys_mod_count>0</sys_mod_count>
    <sys_updated_by>stefan.grabs</sys_updated_by>
    <sys_updated_on>2017-08-30 21:58:01</sys_updated_on>
    <table>var__m_sys_hub_action_input_d3f92c160b10030085c083eb37673a7f</table>
    <value/>
  </sys_element_mapping>
</record_update>
