<?xml version="1.0" encoding="UTF-8"?>
<record_update table="sys_hub_flow_snapshot">
    <sys_hub_flow_snapshot action="INSERT_OR_UPDATE">
        <active>true</active>
        <description/>
        <label_cache>[{"name":"24c146f1-0778-4484-96fa-d2dac1328d97.Security Incident Flow Response Task","label":"2.2➛Security Incident Flow Response Task","reference":"sn_si_task","reference_display":"Security Incident Response Task","type":"document_id","base_type":"document_id"},{"name":"5ddcb9ac-1120-4b7e-b0d0-444504cc1e34.Security Incident Flow Response Task","label":"2.1➛Security Incident Flow Response Task","reference":"sn_si_task","reference_display":"Security Incident Response Task","type":"document_id","base_type":"document_id"},{"name":"1b16bc2c-402b-40e3-a7be-7c244c6f3d96.Security Incident Flow Response Task.outcome","label":"1➛Security Incident Flow Response Task➛Outcome","reference":"","reference_display":"Outcome","type":"choice","base_type":"choice","parent_table_name":"sn_si_task","column_name":"outcome"},{"name":"Created or Updated_1.current","label":"Trigger➛Security Incident Record","reference":"sn_si_incident","reference_display":"Security Incident","type":"reference","base_type":"reference"}]</label_cache>
        <name>Security Incident - Web Defacement - Template</name>
        <parent_flow display_value="Security Incident - Web Defacement - Template">0a43961fdb744300346ff2b6ae961963</parent_flow>
        <status>published</status>
        <sys_class_name>sys_hub_flow_snapshot</sys_class_name>
        <sys_created_by>stefan.grabs</sys_created_by>
        <sys_created_on>2017-08-30 22:09:42</sys_created_on>
        <sys_id>a764525fdb744300346ff2b6ae961990</sys_id>
        <sys_mod_count>0</sys_mod_count>
        <sys_name>Security Incident - Web Defacement - Template</sys_name>
        <sys_package display_value="Security Operations Spoke" source="sn_sec_spoke">8ef54857dbc14300d11f77bcbf961975</sys_package>
        <sys_policy>read</sys_policy>
        <sys_scope display_value="Security Operations Spoke">8ef54857dbc14300d11f77bcbf961975</sys_scope>
        <sys_update_name>sys_hub_flow_snapshot_a764525fdb744300346ff2b6ae961990</sys_update_name>
        <sys_updated_by>stefan.grabs</sys_updated_by>
        <sys_updated_on>2017-08-30 22:09:42</sys_updated_on>
    </sys_hub_flow_snapshot>
</record_update>
