<?xml version="1.0" encoding="UTF-8"?>
<record_update table="sys_flow_record_trigger">
    <sys_flow_record_trigger action="INSERT_OR_UPDATE">
        <active>false</active>
        <condition table="sn_si_incident">categoryCHANGESTOConfidential personal identity data exposure^EQ<item endquery="false" field="category" goto="false" newquery="false" operator="CHANGESTO" or="false" value="Confidential personal identity data exposure"/>
            <item endquery="true" field="" goto="false" newquery="false" operator="=" or="false" value=""/>
        </condition>
        <name/>
        <on_delete>false</on_delete>
        <on_insert>true</on_insert>
        <on_update>true</on_update>
        <sys_class_name>sys_flow_record_trigger</sys_class_name>
        <sys_created_by>admin</sys_created_by>
        <sys_created_on>2017-08-28 23:11:11</sys_created_on>
        <sys_id>705f487edb700300346ff2b6ae961998</sys_id>
        <sys_mod_count>6</sys_mod_count>
        <sys_name/>
        <sys_package display_value="Security Operations Spoke" source="sn_sec_spoke">8ef54857dbc14300d11f77bcbf961975</sys_package>
        <sys_policy>read</sys_policy>
        <sys_scope display_value="Security Operations Spoke">8ef54857dbc14300d11f77bcbf961975</sys_scope>
        <sys_update_name>sys_flow_record_trigger_705f487edb700300346ff2b6ae961998</sys_update_name>
        <sys_updated_by>stefan.grabs</sys_updated_by>
        <sys_updated_on>2017-08-30 22:25:47</sys_updated_on>
        <table>sn_si_incident</table>
    </sys_flow_record_trigger>
</record_update>
