<?xml version="1.0" encoding="UTF-8"?>
<record_update table="sys_hub_action_instance">
    <sys_hub_action_instance action="INSERT_OR_UPDATE">
        <action_inputs/>
        <action_inputs/>
        <action_type display_value="Create Task">2b3a6335531003003bf1d9109ec58759</action_type>
        <comment>Legal process</comment>
        <compiled_snapshot display_value="Create Task">2b3a6335531003003bf1d9109ec58759</compiled_snapshot>
        <display_text/>
        <flow display_value="Security Incident - Confidential Data Exposure - Template">e8387bb2db780300346ff2b6ae96197d</flow>
        <order>2.4</order>
        <parent_ui_id>f1af08e9-100c-4cae-8247-7b4288c5570a</parent_ui_id>
        <sys_class_name>sys_hub_action_instance</sys_class_name>
        <sys_created_by>stefan.grabs</sys_created_by>
        <sys_created_on>2017-08-29 16:08:38</sys_created_on>
        <sys_id>78387bb2db780300346ff2b6ae9619a8</sys_id>
        <sys_mod_count>2</sys_mod_count>
        <sys_name/>
        <sys_package display_value="Security Operations Spoke" source="sn_sec_spoke">8ef54857dbc14300d11f77bcbf961975</sys_package>
        <sys_policy>read</sys_policy>
        <sys_scope display_value="Security Operations Spoke">8ef54857dbc14300d11f77bcbf961975</sys_scope>
        <sys_update_name>sys_hub_action_instance_78387bb2db780300346ff2b6ae9619a8</sys_update_name>
        <sys_updated_by>stefan.grabs</sys_updated_by>
        <sys_updated_on>2017-08-29 16:08:38</sys_updated_on>
        <ui_id>84a1e137-b0bc-490c-8e74-f088025b9d62</ui_id>
    </sys_hub_action_instance>
    <sys_variable_value action="delete_multiple" query="document_key=78387bb2db780300346ff2b6ae9619a8"/>
    <sys_variable_value action="INSERT_OR_UPDATE">
        <document>sys_hub_action_instance</document>
        <document_key>78387bb2db780300346ff2b6ae9619a8</document_key>
        <order>2</order>
        <sys_class_name>sys_variable_value</sys_class_name>
        <sys_created_by>stefan.grabs</sys_created_by>
        <sys_created_on>2017-08-29 16:08:38</sys_created_on>
        <sys_id>30387bb2db780300346ff2b6ae9619ac</sys_id>
        <sys_mod_count>0</sys_mod_count>
        <sys_updated_by>stefan.grabs</sys_updated_by>
        <sys_updated_on>2017-08-29 16:08:38</sys_updated_on>
        <value>1</value>
        <variable display_value="">ff3a6335531003003bf1d9109ec58777</variable>
    </sys_variable_value>
    <sys_variable_value action="INSERT_OR_UPDATE">
        <document>sys_hub_action_instance</document>
        <document_key>78387bb2db780300346ff2b6ae9619a8</document_key>
        <order>0</order>
        <sys_class_name>sys_variable_value</sys_class_name>
        <sys_created_by>stefan.grabs</sys_created_by>
        <sys_created_on>2017-08-29 16:08:38</sys_created_on>
        <sys_id>f0387bb2db780300346ff2b6ae9619ac</sys_id>
        <sys_mod_count>0</sys_mod_count>
        <sys_updated_by>stefan.grabs</sys_updated_by>
        <sys_updated_on>2017-08-29 16:08:38</sys_updated_on>
        <value>sn_si_task</value>
        <variable display_value="">e73a6335531003003bf1d9109ec5875c</variable>
    </sys_variable_value>
    <sys_element_mapping action="delete_multiple" query="id=78387bb2db780300346ff2b6ae9619a8"/>
    <sys_element_mapping action="INSERT_OR_UPDATE">
        <field>field_values</field>
        <id>78387bb2db780300346ff2b6ae9619a8</id>
        <sys_created_by>stefan.grabs</sys_created_by>
        <sys_created_on>2017-08-29 16:08:38</sys_created_on>
        <sys_id>bc387bb2db780300346ff2b6ae9619ab</sys_id>
        <sys_mod_count>0</sys_mod_count>
        <sys_updated_by>stefan.grabs</sys_updated_by>
        <sys_updated_on>2017-08-29 16:08:38</sys_updated_on>
        <table>var__m_sys_hub_action_input_2b3a6335531003003bf1d9109ec58759</table>
        <value>parent={{Created or Updated_1.current}}^short_description=Legal process</value>
    </sys_element_mapping>
    <sys_element_mapping action="INSERT_OR_UPDATE">
        <field>task_table</field>
        <id>78387bb2db780300346ff2b6ae9619a8</id>
        <sys_created_by>stefan.grabs</sys_created_by>
        <sys_created_on>2017-08-29 16:08:38</sys_created_on>
        <sys_id>f8387bb2db780300346ff2b6ae9619ab</sys_id>
        <sys_mod_count>0</sys_mod_count>
        <sys_updated_by>stefan.grabs</sys_updated_by>
        <sys_updated_on>2017-08-29 16:08:38</sys_updated_on>
        <table>var__m_sys_hub_action_input_2b3a6335531003003bf1d9109ec58759</table>
        <value/>
    </sys_element_mapping>
    <sys_element_mapping action="INSERT_OR_UPDATE">
        <field>wait</field>
        <id>78387bb2db780300346ff2b6ae9619a8</id>
        <sys_created_by>stefan.grabs</sys_created_by>
        <sys_created_on>2017-08-29 16:08:38</sys_created_on>
        <sys_id>38387bb2db780300346ff2b6ae9619ab</sys_id>
        <sys_mod_count>0</sys_mod_count>
        <sys_updated_by>stefan.grabs</sys_updated_by>
        <sys_updated_on>2017-08-29 16:08:38</sys_updated_on>
        <table>var__m_sys_hub_action_input_2b3a6335531003003bf1d9109ec58759</table>
        <value/>
    </sys_element_mapping>
</record_update>
