<?xml version="1.0" encoding="UTF-8"?>
<record_update table="sys_hub_flow_logic">
    <sys_hub_flow_logic action="INSERT_OR_UPDATE">
        <block display_value="">ecc012dbdb744300346ff2b6ae96195d</block>
        <connected_to/>
        <display_text/>
        <flow display_value="Security Incident - Rogue Server or Service - Template">17c49a5fdb744300346ff2b6ae961997</flow>
        <inputs/>
        <logic_definition display_value="If">af4e1945c3e232002841b63b12d3ae3e</logic_definition>
        <order>2.3</order>
        <parent_ui_id>cc8d6b2e-c720-4fbb-b01b-4d04630dea8d</parent_ui_id>
        <sys_class_name>sys_hub_flow_logic</sys_class_name>
        <sys_created_by>stefan.grabs</sys_created_by>
        <sys_created_on>2017-08-30 22:11:22</sys_created_on>
        <sys_id>88d4da5fdb744300346ff2b6ae961912</sys_id>
        <sys_mod_count>3</sys_mod_count>
        <sys_name/>
        <sys_package display_value="Security Operations Spoke" source="sn_sec_spoke">8ef54857dbc14300d11f77bcbf961975</sys_package>
        <sys_policy>read</sys_policy>
        <sys_scope display_value="Security Operations Spoke">8ef54857dbc14300d11f77bcbf961975</sys_scope>
        <sys_update_name>sys_hub_flow_logic_88d4da5fdb744300346ff2b6ae961912</sys_update_name>
        <sys_updated_by>stefan.grabs</sys_updated_by>
        <sys_updated_on>2017-08-30 22:11:27</sys_updated_on>
        <ui_id>0c02f332-39ad-4da8-9861-964873a52c94</ui_id>
    </sys_hub_flow_logic>
    <sys_variable_value action="delete_multiple" query="document_key=88d4da5fdb744300346ff2b6ae961912"/>
    <sys_variable_value action="INSERT_OR_UPDATE">
        <document>sys_hub_flow_logic</document>
        <document_key>88d4da5fdb744300346ff2b6ae961912</document_key>
        <order>20</order>
        <sys_class_name>sys_variable_value</sys_class_name>
        <sys_created_by>stefan.grabs</sys_created_by>
        <sys_created_on>2017-08-30 22:11:22</sys_created_on>
        <sys_id>40d4da5fdb744300346ff2b6ae961922</sys_id>
        <sys_mod_count>0</sys_mod_count>
        <sys_updated_by>stefan.grabs</sys_updated_by>
        <sys_updated_on>2017-08-30 22:11:22</sys_updated_on>
        <value>{{280a04d6-f4da-4ee4-941b-45eb8b70ff35.Security Incident Flow Response Task.outcome}}=yes</value>
        <variable display_value="">9a5f5105c32632002841b63b12d3ae46</variable>
    </sys_variable_value>
</record_update>
