<?xml version="1.0" encoding="UTF-8"?>
<record_update table="sys_hub_trigger_instance">
    <sys_hub_trigger_instance action="INSERT_OR_UPDATE">
        <display_text/>
        <flow display_value="Security Incident - Unauthorized Access - Template">6d84165fdb744300346ff2b6ae961966</flow>
        <name>Created or Updated</name>
        <remote_sys_id>9784565fdb744300346ff2b6ae96192c</remote_sys_id>
        <sys_class_name>sys_hub_trigger_instance</sys_class_name>
        <sys_created_by>stefan.grabs</sys_created_by>
        <sys_created_on>2017-08-30 22:10:06</sys_created_on>
        <sys_id>a584165fdb744300346ff2b6ae961968</sys_id>
        <sys_mod_count>3</sys_mod_count>
        <sys_name>record_create_or_update</sys_name>
        <sys_package display_value="Security Operations Spoke" source="sn_sec_spoke">8ef54857dbc14300d11f77bcbf961975</sys_package>
        <sys_policy>read</sys_policy>
        <sys_scope display_value="Security Operations Spoke">8ef54857dbc14300d11f77bcbf961975</sys_scope>
        <sys_update_name>sys_hub_trigger_instance_a584165fdb744300346ff2b6ae961968</sys_update_name>
        <sys_updated_by>stefan.grabs</sys_updated_by>
        <sys_updated_on>2017-08-30 22:10:13</sys_updated_on>
        <trigger_definition display_value="Created or Updated">a45d9180c32222002841b63b12d3aea7</trigger_definition>
        <trigger_inputs/>
        <trigger_outputs/>
        <trigger_type>record_create_or_update</trigger_type>
    </sys_hub_trigger_instance>
    <sys_variable_value action="delete_multiple" query="document_key=a584165fdb744300346ff2b6ae961968"/>
    <sys_variable_value action="INSERT_OR_UPDATE">
        <document>sys_hub_trigger_instance</document>
        <document_key>a584165fdb744300346ff2b6ae961968</document_key>
        <order>1</order>
        <sys_class_name>sys_variable_value</sys_class_name>
        <sys_created_by>stefan.grabs</sys_created_by>
        <sys_created_on>2017-08-30 22:10:06</sys_created_on>
        <sys_id>6584165fdb744300346ff2b6ae96196a</sys_id>
        <sys_mod_count>0</sys_mod_count>
        <sys_updated_by>stefan.grabs</sys_updated_by>
        <sys_updated_on>2017-08-30 22:10:06</sys_updated_on>
        <value>sn_si_incident</value>
        <variable display_value="">cf1e1980c32222002841b63b12d3aea0</variable>
    </sys_variable_value>
    <sys_variable_value action="INSERT_OR_UPDATE">
        <document>sys_hub_trigger_instance</document>
        <document_key>a584165fdb744300346ff2b6ae961968</document_key>
        <order>100</order>
        <sys_class_name>sys_variable_value</sys_class_name>
        <sys_created_by>stefan.grabs</sys_created_by>
        <sys_created_on>2017-08-30 22:10:06</sys_created_on>
        <sys_id>a184165fdb744300346ff2b6ae96196a</sys_id>
        <sys_mod_count>0</sys_mod_count>
        <sys_updated_by>stefan.grabs</sys_updated_by>
        <sys_updated_on>2017-08-30 22:10:06</sys_updated_on>
        <value>^EQ</value>
        <variable display_value="">707dd180c32222002841b63b12d3aecb</variable>
    </sys_variable_value>
</record_update>
