<?xml version="1.0" encoding="UTF-8"?>
<record_update table="sys_hub_action_type_definition">
    <sys_hub_action_type_definition action="INSERT_OR_UPDATE">
        <access>public</access>
        <active>true</active>
        <annotation>Create a regular or outcome driven response task based on a Security Incident.</annotation>
        <category display_value="Security Operations">48783d9bdb344300346ff2b6ae9619e7</category>
        <description>Create a regular or outcome driven response task based on a Security Incident.</description>
        <label_cache>[{"name":"{{action.ah_short_description}}","label":"action➛Short Description","type":"action","ref":""},{"name":"{{action.ah_parent_task}}","label":"action➛Parent Task","type":"action","ref":"task"},{"name":"{{action.ah_wait_for_completion}}","label":"action➛Wait For Completion","type":"action","ref":""},{"name":"{{action.ah_outcome_type}}","label":"action➛Outcome Type","type":"action","ref":""},{"name":"{{step[2993264b-dd03-4849-85e6-a04163c1fd57].task}}","label":"step➛Create Task step➛Security Incident Response Task Record","type":"step","ref":"sn_si_task"}]</label_cache>
        <latest_snapshot display_value="Security Incident Flow Response Task">8c19ca97db744300346ff2b6ae96190b</latest_snapshot>
        <name>Security Incident Flow Response Task</name>
        <outputs/>
        <outputs/>
        <state>published</state>
        <sys_class_name>sys_hub_action_type_definition</sys_class_name>
        <sys_created_by>stefan.grabs</sys_created_by>
        <sys_created_on>2017-08-30 20:08:20</sys_created_on>
        <sys_id>f5a8b1dbdb344300346ff2b6ae96190a</sys_id>
        <sys_mod_count>18</sys_mod_count>
        <sys_name>Security Incident Flow Response Task</sys_name>
        <sys_package display_value="Security Operations Spoke" source="sn_sec_spoke">8ef54857dbc14300d11f77bcbf961975</sys_package>
        <sys_policy>read</sys_policy>
        <sys_scope display_value="Security Operations Spoke">8ef54857dbc14300d11f77bcbf961975</sys_scope>
        <sys_update_name>sys_hub_action_type_definition_f5a8b1dbdb344300346ff2b6ae96190a</sys_update_name>
        <sys_updated_by>stefan.grabs</sys_updated_by>
        <sys_updated_on>2017-08-30 21:20:07</sys_updated_on>
        <system_level>false</system_level>
    </sys_hub_action_type_definition>
    <sys_translated_text action="delete_multiple" query="documentkey=f5a8b1dbdb344300346ff2b6ae96190a"/>
    <sys_variable_value action="delete_multiple" query="document_key=f5a8b1dbdb344300346ff2b6ae96190a"/>
    <sys_element_mapping action="delete_multiple" query="id=f5a8b1dbdb344300346ff2b6ae96190a"/>
    <sys_element_mapping action="INSERT_OR_UPDATE">
        <field>Security Incident Flow Response Task</field>
        <id>f5a8b1dbdb344300346ff2b6ae96190a</id>
        <sys_created_by>stefan.grabs</sys_created_by>
        <sys_created_on>2017-08-30 20:26:18</sys_created_on>
        <sys_id>3cccf55fdb344300346ff2b6ae961987</sys_id>
        <sys_mod_count>0</sys_mod_count>
        <sys_updated_by>stefan.grabs</sys_updated_by>
        <sys_updated_on>2017-08-30 20:26:18</sys_updated_on>
        <table>var__m_sys_hub_action_output_f5a8b1dbdb344300346ff2b6ae96190a</table>
        <value>{{step[2993264b-dd03-4849-85e6-a04163c1fd57].task}}</value>
    </sys_element_mapping>
    <sys_element_mapping action="INSERT_OR_UPDATE">
        <field>Task</field>
        <id>f5a8b1dbdb344300346ff2b6ae96190a</id>
        <sys_created_by>stefan.grabs</sys_created_by>
        <sys_created_on>2017-08-30 20:24:27</sys_created_on>
        <sys_id>fd5cf15fdb344300346ff2b6ae961917</sys_id>
        <sys_mod_count>0</sys_mod_count>
        <sys_updated_by>stefan.grabs</sys_updated_by>
        <sys_updated_on>2017-08-30 20:24:27</sys_updated_on>
        <table>var__m_sys_hub_action_output_f5a8b1dbdb344300346ff2b6ae96190a</table>
        <value>{{step[2993264b-dd03-4849-85e6-a04163c1fd57].task}}</value>
    </sys_element_mapping>
</record_update>
