<?xml version="1.0" encoding="UTF-8"?>
<record_update table="sys_hub_action_instance">
    <sys_hub_action_instance action="INSERT_OR_UPDATE">
        <action_inputs/>
        <action_inputs/>
        <action_type display_value="Wait For Condition">d3f92c160b10030085c083eb37673a7f</action_type>
        <comment>Wait for: Remove Unread Phishing Email in Queue - For All Users</comment>
        <compiled_snapshot display_value="Wait For Condition">d3f92c160b10030085c083eb37673a7f</compiled_snapshot>
        <display_text/>
        <flow display_value="Security Incident - Phishing - Template">f825929fdb744300346ff2b6ae961972</flow>
        <order>2.6</order>
        <parent_ui_id>7be2ada0-5313-4bad-8775-59ee6f62382a</parent_ui_id>
        <sys_class_name>sys_hub_action_instance</sys_class_name>
        <sys_created_by>stefan.grabs</sys_created_by>
        <sys_created_on>2017-08-30 22:12:49</sys_created_on>
        <sys_id>d125929fdb744300346ff2b6ae9619cc</sys_id>
        <sys_mod_count>3</sys_mod_count>
        <sys_name/>
        <sys_package display_value="Security Operations Spoke" source="sn_sec_spoke">8ef54857dbc14300d11f77bcbf961975</sys_package>
        <sys_policy>read</sys_policy>
        <sys_scope display_value="Security Operations Spoke">8ef54857dbc14300d11f77bcbf961975</sys_scope>
        <sys_update_name>sys_hub_action_instance_d125929fdb744300346ff2b6ae9619cc</sys_update_name>
        <sys_updated_by>stefan.grabs</sys_updated_by>
        <sys_updated_on>2017-08-30 22:12:54</sys_updated_on>
        <ui_id>88c37ae6-c673-4e55-9b3d-b878bf57460a</ui_id>
    </sys_hub_action_instance>
    <sys_variable_value action="delete_multiple" query="document_key=d125929fdb744300346ff2b6ae9619cc"/>
    <sys_variable_value action="INSERT_OR_UPDATE">
        <document>sys_hub_action_instance</document>
        <document_key>d125929fdb744300346ff2b6ae9619cc</document_key>
        <order>1</order>
        <sys_class_name>sys_variable_value</sys_class_name>
        <sys_created_by>stefan.grabs</sys_created_by>
        <sys_created_on>2017-08-30 22:12:49</sys_created_on>
        <sys_id>a125929fdb744300346ff2b6ae9619dc</sys_id>
        <sys_mod_count>0</sys_mod_count>
        <sys_updated_by>stefan.grabs</sys_updated_by>
        <sys_updated_on>2017-08-30 22:12:49</sys_updated_on>
        <value>sn_si_task</value>
        <variable display_value="">1ff92c160b10030085c083eb37673a81</variable>
    </sys_variable_value>
    <sys_variable_value action="INSERT_OR_UPDATE">
        <document>sys_hub_action_instance</document>
        <document_key>d125929fdb744300346ff2b6ae9619cc</document_key>
        <order>2</order>
        <sys_class_name>sys_variable_value</sys_class_name>
        <sys_created_by>stefan.grabs</sys_created_by>
        <sys_created_on>2017-08-30 22:12:49</sys_created_on>
        <sys_id>ed25929fdb744300346ff2b6ae9619db</sys_id>
        <sys_mod_count>0</sys_mod_count>
        <sys_updated_by>stefan.grabs</sys_updated_by>
        <sys_updated_on>2017-08-30 22:12:49</sys_updated_on>
        <value>active=false</value>
        <variable display_value="">5ff92c160b10030085c083eb37673ac1</variable>
    </sys_variable_value>
    <sys_element_mapping action="delete_multiple" query="id=d125929fdb744300346ff2b6ae9619cc"/>
    <sys_element_mapping action="INSERT_OR_UPDATE">
        <field>conditions</field>
        <id>d125929fdb744300346ff2b6ae9619cc</id>
        <sys_created_by>stefan.grabs</sys_created_by>
        <sys_created_on>2017-08-30 22:12:49</sys_created_on>
        <sys_id>e525929fdb744300346ff2b6ae9619db</sys_id>
        <sys_mod_count>0</sys_mod_count>
        <sys_updated_by>stefan.grabs</sys_updated_by>
        <sys_updated_on>2017-08-30 22:12:49</sys_updated_on>
        <table>var__m_sys_hub_action_input_d3f92c160b10030085c083eb37673a7f</table>
        <value/>
    </sys_element_mapping>
    <sys_element_mapping action="INSERT_OR_UPDATE">
        <field>record</field>
        <id>d125929fdb744300346ff2b6ae9619cc</id>
        <sys_created_by>stefan.grabs</sys_created_by>
        <sys_created_on>2017-08-30 22:12:49</sys_created_on>
        <sys_id>6d25929fdb744300346ff2b6ae9619db</sys_id>
        <sys_mod_count>0</sys_mod_count>
        <sys_updated_by>stefan.grabs</sys_updated_by>
        <sys_updated_on>2017-08-30 22:12:49</sys_updated_on>
        <table>var__m_sys_hub_action_input_d3f92c160b10030085c083eb37673a7f</table>
        <value>{{1ec4732e-ee1f-46e0-9f21-01a076963b60.Security Incident Flow Response Task}}</value>
    </sys_element_mapping>
    <sys_element_mapping action="INSERT_OR_UPDATE">
        <field>table_name</field>
        <id>d125929fdb744300346ff2b6ae9619cc</id>
        <sys_created_by>stefan.grabs</sys_created_by>
        <sys_created_on>2017-08-30 22:12:49</sys_created_on>
        <sys_id>a925929fdb744300346ff2b6ae9619db</sys_id>
        <sys_mod_count>0</sys_mod_count>
        <sys_updated_by>stefan.grabs</sys_updated_by>
        <sys_updated_on>2017-08-30 22:12:49</sys_updated_on>
        <table>var__m_sys_hub_action_input_d3f92c160b10030085c083eb37673a7f</table>
        <value/>
    </sys_element_mapping>
</record_update>
