<?xml version="1.0" encoding="UTF-8"?>
<record_update table="sys_hub_flow_snapshot">
    <sys_hub_flow_snapshot action="INSERT_OR_UPDATE">
        <active>true</active>
        <description/>
        <label_cache>[{"name":"1612f0b1-3c53-4529-ba83-9d2a52eeaca7.Security Incident Flow Response Task","label":"3.3➛Security Incident Flow Response Task","reference":"sn_si_task","reference_display":"Security Incident Response Task","type":"document_id","base_type":"document_id"},{"name":"e2b52c5f-ca01-4413-9290-72e85bf98450.Security Incident Flow Response Task","label":"3.2➛Security Incident Flow Response Task","reference":"sn_si_task","reference_display":"Security Incident Response Task","type":"document_id","base_type":"document_id"},{"name":"09ed808f-85be-4e8b-a92c-56a091ccfbaa.Security Incident Flow Response Task","label":"3.1➛Security Incident Flow Response Task","reference":"sn_si_task","reference_display":"Security Incident Response Task","type":"document_id","base_type":"document_id"},{"name":"8ba8957a-86cd-471d-88f5-327dd951cdde.Security Incident Flow Response Task.outcome","label":"1➛Security Incident Flow Response Task➛Outcome","reference":"","reference_display":"Outcome","type":"choice","base_type":"choice","parent_table_name":"sn_si_task","column_name":"outcome"},{"name":"Created or Updated_1.current","label":"Trigger➛Security Incident Record","reference":"sn_si_incident","reference_display":"Security Incident","type":"reference","base_type":"reference"}]</label_cache>
        <name>Security Incident - Spam - Template</name>
        <parent_flow display_value="Security Incident - Spam - Template">9cd052dbdb744300346ff2b6ae961966</parent_flow>
        <status>published</status>
        <sys_class_name>sys_hub_flow_snapshot</sys_class_name>
        <sys_created_by>stefan.grabs</sys_created_by>
        <sys_created_on>2017-08-30 22:10:39</sys_created_on>
        <sys_id>e1a4d65fdb744300346ff2b6ae961952</sys_id>
        <sys_mod_count>0</sys_mod_count>
        <sys_name>Security Incident - Spam - Template</sys_name>
        <sys_package display_value="Security Operations Spoke" source="sn_sec_spoke">8ef54857dbc14300d11f77bcbf961975</sys_package>
        <sys_policy>read</sys_policy>
        <sys_scope display_value="Security Operations Spoke">8ef54857dbc14300d11f77bcbf961975</sys_scope>
        <sys_update_name>sys_hub_flow_snapshot_e1a4d65fdb744300346ff2b6ae961952</sys_update_name>
        <sys_updated_by>stefan.grabs</sys_updated_by>
        <sys_updated_on>2017-08-30 22:10:39</sys_updated_on>
    </sys_hub_flow_snapshot>
</record_update>
