<?xml version="1.0" encoding="UTF-8"?>
<record_update table="sys_hub_action_instance">
    <sys_hub_action_instance action="INSERT_OR_UPDATE">
        <action_inputs/>
        <action_inputs/>
        <action_type display_value="Update Record">f9d01dd2c31332002841b63b12d3aea1</action_type>
        <comment/>
        <compiled_snapshot/>
        <display_text/>
        <flow display_value="Security Incident - Confidential Data Exposure - Template">505dc43edb700300346ff2b6ae96190a</flow>
        <order>2.6</order>
        <parent_ui_id>f1af08e9-100c-4cae-8247-7b4288c5570a</parent_ui_id>
        <sys_class_name>sys_hub_action_instance</sys_class_name>
        <sys_created_by>admin</sys_created_by>
        <sys_created_on>2017-08-28 23:02:27</sys_created_on>
        <sys_id>345dc43edb700300346ff2b6ae96194e</sys_id>
        <sys_mod_count>2</sys_mod_count>
        <sys_name/>
        <sys_package display_value="Security Operations Spoke" source="sn_sec_spoke">8ef54857dbc14300d11f77bcbf961975</sys_package>
        <sys_policy>read</sys_policy>
        <sys_scope display_value="Security Operations Spoke">8ef54857dbc14300d11f77bcbf961975</sys_scope>
        <sys_update_name>sys_hub_action_instance_345dc43edb700300346ff2b6ae96194e</sys_update_name>
        <sys_updated_by>admin</sys_updated_by>
        <sys_updated_on>2017-08-28 23:02:27</sys_updated_on>
        <ui_id>fa2d408d-1feb-48df-b17b-b2262e652792</ui_id>
    </sys_hub_action_instance>
    <sys_variable_value action="delete_multiple" query="document_key=345dc43edb700300346ff2b6ae96194e"/>
    <sys_variable_value action="INSERT_OR_UPDATE">
        <document>sys_hub_action_instance</document>
        <document_key>345dc43edb700300346ff2b6ae96194e</document_key>
        <order>50</order>
        <sys_class_name>sys_variable_value</sys_class_name>
        <sys_created_by>admin</sys_created_by>
        <sys_created_on>2017-08-28 23:02:27</sys_created_on>
        <sys_id>7c5dc43edb700300346ff2b6ae961951</sys_id>
        <sys_mod_count>0</sys_mod_count>
        <sys_updated_by>admin</sys_updated_by>
        <sys_updated_on>2017-08-28 23:02:27</sys_updated_on>
        <value>sn_si_incident</value>
        <variable display_value="">b5d01916c31332002841b63b12d3aec9</variable>
    </sys_variable_value>
    <sys_variable_value action="INSERT_OR_UPDATE">
        <document>sys_hub_action_instance</document>
        <document_key>345dc43edb700300346ff2b6ae96194e</document_key>
        <order>100</order>
        <sys_class_name>sys_variable_value</sys_class_name>
        <sys_created_by>admin</sys_created_by>
        <sys_created_on>2017-08-28 23:02:27</sys_created_on>
        <sys_id>b85dc43edb700300346ff2b6ae961951</sys_id>
        <sys_mod_count>0</sys_mod_count>
        <sys_updated_by>admin</sys_updated_by>
        <sys_updated_on>2017-08-28 23:02:27</sys_updated_on>
        <value>state=100</value>
        <variable display_value="">02d01916c31332002841b63b12d3aeee</variable>
    </sys_variable_value>
    <sys_element_mapping action="delete_multiple" query="id=345dc43edb700300346ff2b6ae96194e"/>
    <sys_element_mapping action="INSERT_OR_UPDATE">
        <field>record</field>
        <id>345dc43edb700300346ff2b6ae96194e</id>
        <sys_created_by>admin</sys_created_by>
        <sys_created_on>2017-08-28 23:02:27</sys_created_on>
        <sys_id>745dc43edb700300346ff2b6ae961951</sys_id>
        <sys_mod_count>0</sys_mod_count>
        <sys_updated_by>admin</sys_updated_by>
        <sys_updated_on>2017-08-28 23:02:27</sys_updated_on>
        <table>var__m_sys_hub_action_input_f9d01dd2c31332002841b63b12d3aea1</table>
        <value>{{Created or Updated_1.current}}</value>
    </sys_element_mapping>
    <sys_element_mapping action="INSERT_OR_UPDATE">
        <field>table_name</field>
        <id>345dc43edb700300346ff2b6ae96194e</id>
        <sys_created_by>admin</sys_created_by>
        <sys_created_on>2017-08-28 23:02:27</sys_created_on>
        <sys_id>b05dc43edb700300346ff2b6ae961951</sys_id>
        <sys_mod_count>0</sys_mod_count>
        <sys_updated_by>admin</sys_updated_by>
        <sys_updated_on>2017-08-28 23:02:27</sys_updated_on>
        <table>var__m_sys_hub_action_input_f9d01dd2c31332002841b63b12d3aea1</table>
        <value/>
    </sys_element_mapping>
    <sys_element_mapping action="INSERT_OR_UPDATE">
        <field>values</field>
        <id>345dc43edb700300346ff2b6ae96194e</id>
        <sys_created_by>admin</sys_created_by>
        <sys_created_on>2017-08-28 23:02:27</sys_created_on>
        <sys_id>385dc43edb700300346ff2b6ae961951</sys_id>
        <sys_mod_count>0</sys_mod_count>
        <sys_updated_by>admin</sys_updated_by>
        <sys_updated_on>2017-08-28 23:02:27</sys_updated_on>
        <table>var__m_sys_hub_action_input_f9d01dd2c31332002841b63b12d3aea1</table>
        <value/>
    </sys_element_mapping>
</record_update>
