<?xml version="1.0" encoding="UTF-8"?>
<record_update table="sys_hub_action_instance">
  <sys_hub_action_instance action="INSERT_OR_UPDATE">
    <action_inputs/>
    <action_inputs/>
    <action_type display_value="Security Incident Flow Response Task">8c19ca97db744300346ff2b6ae96190b</action_type>
    <comment>Spam contains malicious content?</comment>
    <compiled_snapshot display_value="Security Incident Flow Response Task">8c19ca97db744300346ff2b6ae96190b</compiled_snapshot>
    <display_text/>
    <flow display_value="Security Incident - Spam - Template">bb99fab90b150300263a089b37673a25</flow>
    <order>1</order>
    <parent_ui_id/>
    <sys_class_name>sys_hub_action_instance</sys_class_name>
    <sys_created_by>admin</sys_created_by>
    <sys_created_on>2017-09-20 05:32:43</sys_created_on>
    <sys_id>0ca9fab90b150300263a089b37673a4a</sys_id>
    <sys_mod_count>1</sys_mod_count>
    <sys_name/>
    <sys_package display_value="Security Operations Spoke" source="sn_sec_spoke">8ef54857dbc14300d11f77bcbf961975</sys_package>
    <sys_policy>read</sys_policy>
    <sys_scope display_value="Security Operations Spoke">8ef54857dbc14300d11f77bcbf961975</sys_scope>
    <sys_update_name>sys_hub_action_instance_0ca9fab90b150300263a089b37673a4a</sys_update_name>
    <sys_updated_by>admin</sys_updated_by>
    <sys_updated_on>2017-09-20 05:32:43</sys_updated_on>
    <ui_id>8ba8957a-86cd-471d-88f5-327dd951cdde</ui_id>
  </sys_hub_action_instance>
  <sys_variable_value action="delete_multiple" query="document_key=0ca9fab90b150300263a089b37673a4a"/>
  <sys_variable_value action="INSERT_OR_UPDATE">
    <document>sys_hub_action_instance</document>
    <document_key>0ca9fab90b150300263a089b37673a4a</document_key>
    <order>1</order>
    <sys_class_name>sys_variable_value</sys_class_name>
    <sys_created_by>admin</sys_created_by>
    <sys_created_on>2017-09-20 05:32:43</sys_created_on>
    <sys_id>00a9fab90b150300263a089b37673a4e</sys_id>
    <sys_mod_count>0</sys_mod_count>
    <sys_updated_by>admin</sys_updated_by>
    <sys_updated_on>2017-09-20 05:32:43</sys_updated_on>
    <value>Spam contains malicious content?</value>
    <variable display_value="">cc19ca97db744300346ff2b6ae961927</variable>
  </sys_variable_value>
  <sys_variable_value action="INSERT_OR_UPDATE">
    <document>sys_hub_action_instance</document>
    <document_key>0ca9fab90b150300263a089b37673a4a</document_key>
    <order>2</order>
    <sys_class_name>sys_variable_value</sys_class_name>
    <sys_created_by>admin</sys_created_by>
    <sys_created_on>2017-09-20 05:32:43</sys_created_on>
    <sys_id>4ca9fab90b150300263a089b37673a4d</sys_id>
    <sys_mod_count>0</sys_mod_count>
    <sys_updated_by>admin</sys_updated_by>
    <sys_updated_on>2017-09-20 05:32:43</sys_updated_on>
    <value>yes_no</value>
    <variable display_value="">5c19ca97db744300346ff2b6ae96193f</variable>
  </sys_variable_value>
  <sys_variable_value action="INSERT_OR_UPDATE">
    <document>sys_hub_action_instance</document>
    <document_key>0ca9fab90b150300263a089b37673a4a</document_key>
    <order>3</order>
    <sys_class_name>sys_variable_value</sys_class_name>
    <sys_created_by>admin</sys_created_by>
    <sys_created_on>2017-09-20 05:32:43</sys_created_on>
    <sys_id>c0a9fab90b150300263a089b37673a4e</sys_id>
    <sys_mod_count>0</sys_mod_count>
    <sys_updated_by>admin</sys_updated_by>
    <sys_updated_on>2017-09-20 05:32:43</sys_updated_on>
    <value>1</value>
    <variable display_value="">e019ca97db744300346ff2b6ae96194b</variable>
  </sys_variable_value>
  <sys_element_mapping action="delete_multiple" query="id=0ca9fab90b150300263a089b37673a4a"/>
  <sys_element_mapping action="INSERT_OR_UPDATE">
    <field>ah_outcome_type</field>
    <id>0ca9fab90b150300263a089b37673a4a</id>
    <sys_created_by>admin</sys_created_by>
    <sys_created_on>2017-09-20 05:32:43</sys_created_on>
    <sys_id>08a9fab90b150300263a089b37673a4d</sys_id>
    <sys_mod_count>0</sys_mod_count>
    <sys_updated_by>admin</sys_updated_by>
    <sys_updated_on>2017-09-20 05:32:43</sys_updated_on>
    <table>var__m_sys_hub_action_input_8c19ca97db744300346ff2b6ae96190b</table>
    <value/>
  </sys_element_mapping>
  <sys_element_mapping action="INSERT_OR_UPDATE">
    <field>ah_parent_task</field>
    <id>0ca9fab90b150300263a089b37673a4a</id>
    <sys_created_by>admin</sys_created_by>
    <sys_created_on>2017-09-20 05:32:43</sys_created_on>
    <sys_id>80a9fab90b150300263a089b37673a4d</sys_id>
    <sys_mod_count>0</sys_mod_count>
    <sys_updated_by>admin</sys_updated_by>
    <sys_updated_on>2017-09-20 05:32:43</sys_updated_on>
    <table>var__m_sys_hub_action_input_8c19ca97db744300346ff2b6ae96190b</table>
    <value>{{Created or Updated_1.current}}</value>
  </sys_element_mapping>
  <sys_element_mapping action="INSERT_OR_UPDATE">
    <field>ah_short_description</field>
    <id>0ca9fab90b150300263a089b37673a4a</id>
    <sys_created_by>admin</sys_created_by>
    <sys_created_on>2017-09-20 05:32:43</sys_created_on>
    <sys_id>c8a9fab90b150300263a089b37673a4d</sys_id>
    <sys_mod_count>0</sys_mod_count>
    <sys_updated_by>admin</sys_updated_by>
    <sys_updated_on>2017-09-20 05:32:43</sys_updated_on>
    <table>var__m_sys_hub_action_input_8c19ca97db744300346ff2b6ae96190b</table>
    <value/>
  </sys_element_mapping>
  <sys_element_mapping action="INSERT_OR_UPDATE">
    <field>ah_wait_for_completion</field>
    <id>0ca9fab90b150300263a089b37673a4a</id>
    <sys_created_by>admin</sys_created_by>
    <sys_created_on>2017-09-20 05:32:43</sys_created_on>
    <sys_id>44a9fab90b150300263a089b37673a4d</sys_id>
    <sys_mod_count>0</sys_mod_count>
    <sys_updated_by>admin</sys_updated_by>
    <sys_updated_on>2017-09-20 05:32:43</sys_updated_on>
    <table>var__m_sys_hub_action_input_8c19ca97db744300346ff2b6ae96190b</table>
    <value/>
  </sys_element_mapping>
</record_update>
