<?xml version="1.0" encoding="UTF-8"?>
<record_update table="sys_hub_action_instance">
    <sys_hub_action_instance action="INSERT_OR_UPDATE">
        <action_inputs/>
        <action_inputs/>
        <action_type display_value="Security Incident Flow Response Task">e5ccf55fdb344300346ff2b6ae9619c6</action_type>
        <comment>Was the data encrypted?</comment>
        <compiled_snapshot/>
        <display_text/>
        <flow display_value="Security Incident - Lost Equipment - Template">5eeebd9fdb344300346ff2b6ae961957</flow>
        <order>2.1</order>
        <parent_ui_id>96106ff6-bc21-496c-9ade-b2b5269f99d7</parent_ui_id>
        <sys_class_name>sys_hub_action_instance</sys_class_name>
        <sys_created_by>stefan.grabs</sys_created_by>
        <sys_created_on>2017-08-30 20:35:41</sys_created_on>
        <sys_id>e2eebd9fdb344300346ff2b6ae961975</sys_id>
        <sys_mod_count>2</sys_mod_count>
        <sys_name/>
        <sys_package display_value="Security Operations Spoke" source="sn_sec_spoke">8ef54857dbc14300d11f77bcbf961975</sys_package>
        <sys_policy>read</sys_policy>
        <sys_scope display_value="Security Operations Spoke">8ef54857dbc14300d11f77bcbf961975</sys_scope>
        <sys_update_name>sys_hub_action_instance_e2eebd9fdb344300346ff2b6ae961975</sys_update_name>
        <sys_updated_by>stefan.grabs</sys_updated_by>
        <sys_updated_on>2017-08-30 20:35:42</sys_updated_on>
        <ui_id>5356a31c-922e-48d5-9668-a67ee761c310</ui_id>
    </sys_hub_action_instance>
    <sys_variable_value action="delete_multiple" query="document_key=e2eebd9fdb344300346ff2b6ae961975"/>
    <sys_variable_value action="INSERT_OR_UPDATE">
        <document>sys_hub_action_instance</document>
        <document_key>e2eebd9fdb344300346ff2b6ae961975</document_key>
        <order>1</order>
        <sys_class_name>sys_variable_value</sys_class_name>
        <sys_created_by>stefan.grabs</sys_created_by>
        <sys_created_on>2017-08-30 20:35:42</sys_created_on>
        <sys_id>2eeebd9fdb344300346ff2b6ae961978</sys_id>
        <sys_mod_count>0</sys_mod_count>
        <sys_updated_by>stefan.grabs</sys_updated_by>
        <sys_updated_on>2017-08-30 20:35:42</sys_updated_on>
        <value>Was the data encrypted?</value>
        <variable display_value="">61ccf55fdb344300346ff2b6ae9619e2</variable>
    </sys_variable_value>
    <sys_variable_value action="INSERT_OR_UPDATE">
        <document>sys_hub_action_instance</document>
        <document_key>e2eebd9fdb344300346ff2b6ae961975</document_key>
        <order>3</order>
        <sys_class_name>sys_variable_value</sys_class_name>
        <sys_created_by>stefan.grabs</sys_created_by>
        <sys_created_on>2017-08-30 20:35:42</sys_created_on>
        <sys_id>a2eebd9fdb344300346ff2b6ae961979</sys_id>
        <sys_mod_count>0</sys_mod_count>
        <sys_updated_by>stefan.grabs</sys_updated_by>
        <sys_updated_on>2017-08-30 20:35:42</sys_updated_on>
        <value>1</value>
        <variable display_value="">39ccf55fdb344300346ff2b6ae9619f8</variable>
    </sys_variable_value>
    <sys_variable_value action="INSERT_OR_UPDATE">
        <document>sys_hub_action_instance</document>
        <document_key>e2eebd9fdb344300346ff2b6ae961975</document_key>
        <order>2</order>
        <sys_class_name>sys_variable_value</sys_class_name>
        <sys_created_by>stefan.grabs</sys_created_by>
        <sys_created_on>2017-08-30 20:35:42</sys_created_on>
        <sys_id>eeeebd9fdb344300346ff2b6ae961978</sys_id>
        <sys_mod_count>0</sys_mod_count>
        <sys_updated_by>stefan.grabs</sys_updated_by>
        <sys_updated_on>2017-08-30 20:35:42</sys_updated_on>
        <value>1</value>
        <variable display_value="">75ccf55fdb344300346ff2b6ae9619ed</variable>
    </sys_variable_value>
    <sys_element_mapping action="delete_multiple" query="id=e2eebd9fdb344300346ff2b6ae961975"/>
    <sys_element_mapping action="INSERT_OR_UPDATE">
        <field>ah_is_outcome_driven_</field>
        <id>e2eebd9fdb344300346ff2b6ae961975</id>
        <sys_created_by>stefan.grabs</sys_created_by>
        <sys_created_on>2017-08-30 20:35:42</sys_created_on>
        <sys_id>26eebd9fdb344300346ff2b6ae961978</sys_id>
        <sys_mod_count>0</sys_mod_count>
        <sys_updated_by>stefan.grabs</sys_updated_by>
        <sys_updated_on>2017-08-30 20:35:42</sys_updated_on>
        <table>var__m_sys_hub_action_input_e5ccf55fdb344300346ff2b6ae9619c6</table>
        <value/>
    </sys_element_mapping>
    <sys_element_mapping action="INSERT_OR_UPDATE">
        <field>ah_parent_task</field>
        <id>e2eebd9fdb344300346ff2b6ae961975</id>
        <sys_created_by>stefan.grabs</sys_created_by>
        <sys_created_on>2017-08-30 20:35:42</sys_created_on>
        <sys_id>62eebd9fdb344300346ff2b6ae961978</sys_id>
        <sys_mod_count>0</sys_mod_count>
        <sys_updated_by>stefan.grabs</sys_updated_by>
        <sys_updated_on>2017-08-30 20:35:42</sys_updated_on>
        <table>var__m_sys_hub_action_input_e5ccf55fdb344300346ff2b6ae9619c6</table>
        <value>{{Created or Updated_1.current}}</value>
    </sys_element_mapping>
    <sys_element_mapping action="INSERT_OR_UPDATE">
        <field>ah_short_description</field>
        <id>e2eebd9fdb344300346ff2b6ae961975</id>
        <sys_created_by>stefan.grabs</sys_created_by>
        <sys_created_on>2017-08-30 20:35:42</sys_created_on>
        <sys_id>aaeebd9fdb344300346ff2b6ae961978</sys_id>
        <sys_mod_count>0</sys_mod_count>
        <sys_updated_by>stefan.grabs</sys_updated_by>
        <sys_updated_on>2017-08-30 20:35:42</sys_updated_on>
        <table>var__m_sys_hub_action_input_e5ccf55fdb344300346ff2b6ae9619c6</table>
        <value/>
    </sys_element_mapping>
    <sys_element_mapping action="INSERT_OR_UPDATE">
        <field>ah_wait_for_completion</field>
        <id>e2eebd9fdb344300346ff2b6ae961975</id>
        <sys_created_by>stefan.grabs</sys_created_by>
        <sys_created_on>2017-08-30 20:35:42</sys_created_on>
        <sys_id>e6eebd9fdb344300346ff2b6ae961978</sys_id>
        <sys_mod_count>0</sys_mod_count>
        <sys_updated_by>stefan.grabs</sys_updated_by>
        <sys_updated_on>2017-08-30 20:35:42</sys_updated_on>
        <table>var__m_sys_hub_action_input_e5ccf55fdb344300346ff2b6ae9619c6</table>
        <value/>
    </sys_element_mapping>
</record_update>
