<?xml version="1.0" encoding="UTF-8"?>
<record_update table="sys_hub_flow_logic">
    <sys_hub_flow_logic action="INSERT_OR_UPDATE">
        <block display_value="">42bef59fdb344300346ff2b6ae961916</block>
        <connected_to/>
        <display_text/>
        <flow display_value="Security Incident - Lost Equipment - Template">995f75dfdb344300346ff2b6ae961973</flow>
        <inputs/>
        <logic_definition display_value="If">af4e1945c3e232002841b63b12d3ae3e</logic_definition>
        <order>2</order>
        <parent_ui_id/>
        <sys_class_name>sys_hub_flow_logic</sys_class_name>
        <sys_created_by>stefan.grabs</sys_created_by>
        <sys_created_on>2017-08-30 20:37:34</sys_created_on>
        <sys_id>ce5f75dfdb344300346ff2b6ae9619ef</sys_id>
        <sys_mod_count>2</sys_mod_count>
        <sys_name/>
        <sys_package display_value="Security Operations Spoke" source="sn_sec_spoke">8ef54857dbc14300d11f77bcbf961975</sys_package>
        <sys_policy>read</sys_policy>
        <sys_scope display_value="Security Operations Spoke">8ef54857dbc14300d11f77bcbf961975</sys_scope>
        <sys_update_name>sys_hub_flow_logic_ce5f75dfdb344300346ff2b6ae9619ef</sys_update_name>
        <sys_updated_by>stefan.grabs</sys_updated_by>
        <sys_updated_on>2017-08-30 20:37:34</sys_updated_on>
        <ui_id>96106ff6-bc21-496c-9ade-b2b5269f99d7</ui_id>
    </sys_hub_flow_logic>
    <sys_variable_value action="delete_multiple" query="document_key=ce5f75dfdb344300346ff2b6ae9619ef"/>
    <sys_variable_value action="INSERT_OR_UPDATE">
        <document>sys_hub_flow_logic</document>
        <document_key>ce5f75dfdb344300346ff2b6ae9619ef</document_key>
        <order>20</order>
        <sys_class_name>sys_variable_value</sys_class_name>
        <sys_created_by>stefan.grabs</sys_created_by>
        <sys_created_on>2017-08-30 20:37:34</sys_created_on>
        <sys_id>8e5f75dfdb344300346ff2b6ae9619f2</sys_id>
        <sys_mod_count>0</sys_mod_count>
        <sys_updated_by>stefan.grabs</sys_updated_by>
        <sys_updated_on>2017-08-30 20:37:34</sys_updated_on>
        <value>{{ad3410a7-d078-415a-82e0-fd2b6f8d7eaa.Security Incident Flow Response Task.outcome}}=yes</value>
        <variable display_value="">9a5f5105c32632002841b63b12d3ae46</variable>
    </sys_variable_value>
</record_update>
