<?xml version="1.0" encoding="UTF-8"?>
<record_update table="sys_hub_action_instance">
    <sys_hub_action_instance action="INSERT_OR_UPDATE">
        <action_inputs/>
        <action_inputs/>
        <action_type display_value="Update Record">f9d01dd2c31332002841b63b12d3aea1</action_type>
        <comment>Set state to review</comment>
        <compiled_snapshot display_value="Update Record">f9d01dd2c31332002841b63b12d3aea1</compiled_snapshot>
        <display_text/>
        <flow display_value="Security Incident - Lost Equipment - Template">ce1b351fdb344300346ff2b6ae9619df</flow>
        <order>2.6</order>
        <parent_ui_id>96106ff6-bc21-496c-9ade-b2b5269f99d7</parent_ui_id>
        <sys_class_name>sys_hub_action_instance</sys_class_name>
        <sys_created_by>stefan.grabs</sys_created_by>
        <sys_created_on>2017-08-30 20:34:52</sys_created_on>
        <sys_id>2ebef59fdb344300346ff2b6ae96196f</sys_id>
        <sys_mod_count>5</sys_mod_count>
        <sys_name/>
        <sys_package display_value="Security Operations Spoke" source="sn_sec_spoke">8ef54857dbc14300d11f77bcbf961975</sys_package>
        <sys_policy>read</sys_policy>
        <sys_scope display_value="Security Operations Spoke">8ef54857dbc14300d11f77bcbf961975</sys_scope>
        <sys_update_name>sys_hub_action_instance_2ebef59fdb344300346ff2b6ae96196f</sys_update_name>
        <sys_updated_by>stefan.grabs</sys_updated_by>
        <sys_updated_on>2017-08-30 22:13:53</sys_updated_on>
        <ui_id>0f7a170d-f9a7-41ab-8b6e-5c5e93b4f857</ui_id>
    </sys_hub_action_instance>
    <sys_variable_value action="delete_multiple" query="document_key=2ebef59fdb344300346ff2b6ae96196f"/>
    <sys_variable_value action="INSERT_OR_UPDATE">
        <document>sys_hub_action_instance</document>
        <document_key>2ebef59fdb344300346ff2b6ae96196f</document_key>
        <order>50</order>
        <sys_class_name>sys_variable_value</sys_class_name>
        <sys_created_by>stefan.grabs</sys_created_by>
        <sys_created_on>2017-08-30 20:34:55</sys_created_on>
        <sys_id>03bef59fdb344300346ff2b6ae9619c3</sys_id>
        <sys_mod_count>0</sys_mod_count>
        <sys_updated_by>stefan.grabs</sys_updated_by>
        <sys_updated_on>2017-08-30 20:34:55</sys_updated_on>
        <value>sn_si_incident</value>
        <variable display_value="">b5d01916c31332002841b63b12d3aec9</variable>
    </sys_variable_value>
    <sys_variable_value action="INSERT_OR_UPDATE">
        <document>sys_hub_action_instance</document>
        <document_key>2ebef59fdb344300346ff2b6ae96196f</document_key>
        <order>50</order>
        <sys_class_name>sys_variable_value</sys_class_name>
        <sys_created_by>stefan.grabs</sys_created_by>
        <sys_created_on>2017-08-30 20:34:52</sys_created_on>
        <sys_id>2abef59fdb344300346ff2b6ae961973</sys_id>
        <sys_mod_count>0</sys_mod_count>
        <sys_updated_by>stefan.grabs</sys_updated_by>
        <sys_updated_on>2017-08-30 20:34:52</sys_updated_on>
        <value>sn_si_incident</value>
        <variable display_value="">1fd27c8cc3c632002841b63b12d3aeb9</variable>
    </sys_variable_value>
    <sys_variable_value action="INSERT_OR_UPDATE">
        <document>sys_hub_action_instance</document>
        <document_key>2ebef59fdb344300346ff2b6ae96196f</document_key>
        <order>100</order>
        <sys_class_name>sys_variable_value</sys_class_name>
        <sys_created_by>stefan.grabs</sys_created_by>
        <sys_created_on>2017-08-30 20:34:55</sys_created_on>
        <sys_id>4fbef59fdb344300346ff2b6ae9619c2</sys_id>
        <sys_mod_count>0</sys_mod_count>
        <sys_updated_by>stefan.grabs</sys_updated_by>
        <sys_updated_on>2017-08-30 20:34:55</sys_updated_on>
        <value>state=100</value>
        <variable display_value="">02d01916c31332002841b63b12d3aeee</variable>
    </sys_variable_value>
    <sys_variable_value action="INSERT_OR_UPDATE">
        <document>sys_hub_action_instance</document>
        <document_key>2ebef59fdb344300346ff2b6ae96196f</document_key>
        <order>100</order>
        <sys_class_name>sys_variable_value</sys_class_name>
        <sys_created_by>stefan.grabs</sys_created_by>
        <sys_created_on>2017-08-30 20:34:52</sys_created_on>
        <sys_id>66bef59fdb344300346ff2b6ae961973</sys_id>
        <sys_mod_count>0</sys_mod_count>
        <sys_updated_by>stefan.grabs</sys_updated_by>
        <sys_updated_on>2017-08-30 20:34:52</sys_updated_on>
        <value>state=100</value>
        <variable display_value="">e7d270ccc3c632002841b63b12d3ae8b</variable>
    </sys_variable_value>
    <sys_element_mapping action="delete_multiple" query="id=2ebef59fdb344300346ff2b6ae96196f"/>
    <sys_element_mapping action="INSERT_OR_UPDATE">
        <field>record</field>
        <id>2ebef59fdb344300346ff2b6ae96196f</id>
        <sys_created_by>stefan.grabs</sys_created_by>
        <sys_created_on>2017-08-30 20:34:55</sys_created_on>
        <sys_id>0bbef59fdb344300346ff2b6ae9619c2</sys_id>
        <sys_mod_count>0</sys_mod_count>
        <sys_updated_by>stefan.grabs</sys_updated_by>
        <sys_updated_on>2017-08-30 20:34:55</sys_updated_on>
        <table>var__m_sys_hub_action_input_f9d01dd2c31332002841b63b12d3aea1</table>
        <value>{{Created or Updated_1.current}}</value>
    </sys_element_mapping>
    <sys_element_mapping action="INSERT_OR_UPDATE">
        <field>record</field>
        <id>2ebef59fdb344300346ff2b6ae96196f</id>
        <sys_created_by>stefan.grabs</sys_created_by>
        <sys_created_on>2017-08-30 20:34:52</sys_created_on>
        <sys_id>22bef59fdb344300346ff2b6ae961973</sys_id>
        <sys_mod_count>0</sys_mod_count>
        <sys_updated_by>stefan.grabs</sys_updated_by>
        <sys_updated_on>2017-08-30 20:34:52</sys_updated_on>
        <table>var__m_sys_hub_action_input_baf174c8c3c232002841b63b12d3aee4</table>
        <value>{{Created or Updated_1.current}}</value>
    </sys_element_mapping>
    <sys_element_mapping action="INSERT_OR_UPDATE">
        <field>table_name</field>
        <id>2ebef59fdb344300346ff2b6ae96196f</id>
        <sys_created_by>stefan.grabs</sys_created_by>
        <sys_created_on>2017-08-30 20:34:55</sys_created_on>
        <sys_id>47bef59fdb344300346ff2b6ae9619c2</sys_id>
        <sys_mod_count>0</sys_mod_count>
        <sys_updated_by>stefan.grabs</sys_updated_by>
        <sys_updated_on>2017-08-30 20:34:55</sys_updated_on>
        <table>var__m_sys_hub_action_input_f9d01dd2c31332002841b63b12d3aea1</table>
        <value/>
    </sys_element_mapping>
    <sys_element_mapping action="INSERT_OR_UPDATE">
        <field>table_name</field>
        <id>2ebef59fdb344300346ff2b6ae96196f</id>
        <sys_created_by>stefan.grabs</sys_created_by>
        <sys_created_on>2017-08-30 20:34:52</sys_created_on>
        <sys_id>6ebef59fdb344300346ff2b6ae961972</sys_id>
        <sys_mod_count>0</sys_mod_count>
        <sys_updated_by>stefan.grabs</sys_updated_by>
        <sys_updated_on>2017-08-30 20:34:52</sys_updated_on>
        <table>var__m_sys_hub_action_input_baf174c8c3c232002841b63b12d3aee4</table>
        <value/>
    </sys_element_mapping>
    <sys_element_mapping action="INSERT_OR_UPDATE">
        <field>values</field>
        <id>2ebef59fdb344300346ff2b6ae96196f</id>
        <sys_created_by>stefan.grabs</sys_created_by>
        <sys_created_on>2017-08-30 20:34:55</sys_created_on>
        <sys_id>cbbef59fdb344300346ff2b6ae9619c2</sys_id>
        <sys_mod_count>0</sys_mod_count>
        <sys_updated_by>stefan.grabs</sys_updated_by>
        <sys_updated_on>2017-08-30 20:34:55</sys_updated_on>
        <table>var__m_sys_hub_action_input_f9d01dd2c31332002841b63b12d3aea1</table>
        <value/>
    </sys_element_mapping>
    <sys_element_mapping action="INSERT_OR_UPDATE">
        <field>values</field>
        <id>2ebef59fdb344300346ff2b6ae96196f</id>
        <sys_created_by>stefan.grabs</sys_created_by>
        <sys_created_on>2017-08-30 20:34:52</sys_created_on>
        <sys_id>e2bef59fdb344300346ff2b6ae961973</sys_id>
        <sys_mod_count>0</sys_mod_count>
        <sys_updated_by>stefan.grabs</sys_updated_by>
        <sys_updated_on>2017-08-30 20:34:52</sys_updated_on>
        <table>var__m_sys_hub_action_input_baf174c8c3c232002841b63b12d3aee4</table>
        <value/>
    </sys_element_mapping>
</record_update>
