<?xml version="1.0" encoding="UTF-8"?>
<record_update>
    <sys_documentation element="ah_short_description" label="Short Description" language="en" table="var__m_sys_hub_action_input_e5ccf55fdb344300346ff2b6ae9619c6">
        <sys_documentation action="INSERT_OR_UPDATE">
            <element>ah_short_description</element>
            <help/>
            <hint/>
            <label>Short Description</label>
            <language>en</language>
            <name>var__m_sys_hub_action_input_e5ccf55fdb344300346ff2b6ae9619c6</name>
            <plural>Short Description</plural>
            <sys_class_name>sys_documentation</sys_class_name>
            <sys_created_by>stefan.grabs</sys_created_by>
            <sys_created_on>2017-08-30 20:26:20</sys_created_on>
            <sys_id>e1ccf55fdb344300346ff2b6ae9619e4</sys_id>
            <sys_mod_count>0</sys_mod_count>
            <sys_name>Short Description</sys_name>
            <sys_package display_value="Security Operations Spoke" source="sn_sec_spoke">8ef54857dbc14300d11f77bcbf961975</sys_package>
            <sys_policy>read</sys_policy>
            <sys_scope display_value="Security Operations Spoke">8ef54857dbc14300d11f77bcbf961975</sys_scope>
            <sys_update_name>sys_documentation_var__m_sys_hub_action_input_e5ccf55fdb344300346ff2b6ae9619c6_ah_short_description_en</sys_update_name>
            <sys_updated_by>stefan.grabs</sys_updated_by>
            <sys_updated_on>2017-08-30 20:26:20</sys_updated_on>
            <url/>
            <url_target/>
        </sys_documentation>
    </sys_documentation>
</record_update>
