<?xml version="1.0" encoding="UTF-8"?>
<record_update table="sys_hub_action_type_snapshot">
    <sys_hub_action_type_snapshot action="INSERT_OR_UPDATE">
        <access>public</access>
        <annotation>Create a regular or outcome driven response task based on a Security Incident.</annotation>
        <category display_value="Security Operations">48783d9bdb344300346ff2b6ae9619e7</category>
        <description>Create a regular or outcome driven response task based on a Security Incident.</description>
        <label_cache>[{"name":"{{action.ah_short_description}}","label":"action➛Short Description","type":"action","ref":""},{"name":"{{action.ah_parent_task}}","label":"action➛Parent Task","type":"action","ref":"task"},{"name":"{{action.ah_is_outcome_driven_}}","label":"action➛Is Outcome Driven?","type":"action","ref":""},{"name":"{{action.ah_wait_for_completion}}","label":"action➛Wait For Completion","type":"action","ref":""},{"name":"{{step[f6020d7a-83a8-431c-8ffb-2987f69a3a55].o}}","label":"step➛Script step➛o","type":"step","ref":""},{"name":"{{step[f6020d7a-83a8-431c-8ffb-2987f69a3a55].ou}}","label":"step➛Script step➛ou","type":"step","ref":""},{"name":"{{step[f6020d7a-83a8-431c-8ffb-2987f69a3a55].out}}","label":"step➛Script step➛out","type":"step","ref":""},{"name":"{{step[f6020d7a-83a8-431c-8ffb-2987f69a3a55].outc}}","label":"step➛Script step➛outc","type":"step","ref":""},{"name":"{{step[f6020d7a-83a8-431c-8ffb-2987f69a3a55].outco}}","label":"step➛Script step➛outco","type":"step","ref":""},{"name":"{{step[f6020d7a-83a8-431c-8ffb-2987f69a3a55].outcom}}","label":"step➛Script step➛outcom","type":"step","ref":""},{"name":"{{step[f6020d7a-83a8-431c-8ffb-2987f69a3a55].outcome}}","label":"step➛Script step➛outcome","type":"step","ref":""},{"name":"{{step[f6020d7a-83a8-431c-8ffb-2987f69a3a55].outcome_}}","label":"step➛Script step➛outcome_","type":"step","ref":""},{"name":"{{step[f6020d7a-83a8-431c-8ffb-2987f69a3a55].outcome_t}}","label":"step➛Script step➛outcome_t","type":"step","ref":""},{"name":"{{step[f6020d7a-83a8-431c-8ffb-2987f69a3a55].outcome_ty}}","label":"step➛Script step➛outcome_ty","type":"step","ref":""},{"name":"{{step[f6020d7a-83a8-431c-8ffb-2987f69a3a55].outcome_typ}}","label":"step➛Script step➛outcome_typ","type":"step","ref":""},{"name":"{{step[f6020d7a-83a8-431c-8ffb-2987f69a3a55].outcome_type}}","label":"step➛Script step➛outcome_type","type":"step","ref":""},{"name":"{{step[2993264b-dd03-4849-85e6-a04163c1fd57].task}}","label":"step➛Create Task step➛Security Incident Response Task Record","type":"step","ref":"sn_si_task"}]</label_cache>
        <name>Security Incident Flow Response Task</name>
        <outputs/>
        <outputs/>
        <parent_action display_value="Security Incident Flow Response Task">f5a8b1dbdb344300346ff2b6ae96190a</parent_action>
        <sys_class_name>sys_hub_action_type_snapshot</sys_class_name>
        <sys_created_by>stefan.grabs</sys_created_by>
        <sys_created_on>2017-08-30 20:38:57</sys_created_on>
        <sys_id>16af79dfdb344300346ff2b6ae9619a3</sys_id>
        <sys_mod_count>1</sys_mod_count>
        <sys_name>Security Incident Flow Response Task</sys_name>
        <sys_package display_value="Security Operations Spoke" source="sn_sec_spoke">8ef54857dbc14300d11f77bcbf961975</sys_package>
        <sys_policy>read</sys_policy>
        <sys_scope display_value="Security Operations Spoke">8ef54857dbc14300d11f77bcbf961975</sys_scope>
        <sys_update_name>sys_hub_action_type_snapshot_16af79dfdb344300346ff2b6ae9619a3</sys_update_name>
        <sys_updated_by>stefan.grabs</sys_updated_by>
        <sys_updated_on>2017-08-30 20:38:59</sys_updated_on>
        <system_level>false</system_level>
    </sys_hub_action_type_snapshot>
    <sys_translated_text action="delete_multiple" query="documentkey=16af79dfdb344300346ff2b6ae9619a3"/>
    <sys_variable_value action="delete_multiple" query="document_key=16af79dfdb344300346ff2b6ae9619a3"/>
    <sys_element_mapping action="delete_multiple" query="id=16af79dfdb344300346ff2b6ae9619a3"/>
    <sys_element_mapping action="INSERT_OR_UPDATE">
        <field>Security Incident Flow Response Task</field>
        <id>16af79dfdb344300346ff2b6ae9619a3</id>
        <sys_created_by>stefan.grabs</sys_created_by>
        <sys_created_on>2017-08-30 20:38:59</sys_created_on>
        <sys_id>beafb9dfdb344300346ff2b6ae961929</sys_id>
        <sys_mod_count>0</sys_mod_count>
        <sys_updated_by>stefan.grabs</sys_updated_by>
        <sys_updated_on>2017-08-30 20:38:59</sys_updated_on>
        <table>var__m_sys_hub_action_output_16af79dfdb344300346ff2b6ae9619a3</table>
        <value>{{step[2993264b-dd03-4849-85e6-a04163c1fd57].task}}</value>
    </sys_element_mapping>
</record_update>
