<?xml version="1.0" encoding="UTF-8"?>
<record_update table="sys_hub_action_instance">
    <sys_hub_action_instance action="INSERT_OR_UPDATE">
        <action_inputs/>
        <action_inputs/>
        <action_type display_value="Wait For Condition">d3f92c160b10030085c083eb37673a7f</action_type>
        <comment>Wait for: Deactivate user account</comment>
        <compiled_snapshot display_value="Wait For Condition">d3f92c160b10030085c083eb37673a7f</compiled_snapshot>
        <display_text/>
        <flow display_value="Security Incident - Unauthorized Access - Template">6d84165fdb744300346ff2b6ae961966</flow>
        <order>3.4</order>
        <parent_ui_id>5c74a53c-af44-4d20-9d24-488f257a1c87</parent_ui_id>
        <sys_class_name>sys_hub_action_instance</sys_class_name>
        <sys_created_by>stefan.grabs</sys_created_by>
        <sys_created_on>2017-08-30 22:10:09</sys_created_on>
        <sys_id>1a84165fdb744300346ff2b6ae9619eb</sys_id>
        <sys_mod_count>3</sys_mod_count>
        <sys_name/>
        <sys_package display_value="Security Operations Spoke" source="sn_sec_spoke">8ef54857dbc14300d11f77bcbf961975</sys_package>
        <sys_policy>read</sys_policy>
        <sys_scope display_value="Security Operations Spoke">8ef54857dbc14300d11f77bcbf961975</sys_scope>
        <sys_update_name>sys_hub_action_instance_1a84165fdb744300346ff2b6ae9619eb</sys_update_name>
        <sys_updated_by>stefan.grabs</sys_updated_by>
        <sys_updated_on>2017-08-30 22:10:15</sys_updated_on>
        <ui_id>a382e072-5653-45df-baf2-0f80eb66e590</ui_id>
    </sys_hub_action_instance>
    <sys_variable_value action="delete_multiple" query="document_key=1a84165fdb744300346ff2b6ae9619eb"/>
    <sys_variable_value action="INSERT_OR_UPDATE">
        <document>sys_hub_action_instance</document>
        <document_key>1a84165fdb744300346ff2b6ae9619eb</document_key>
        <order>2</order>
        <sys_class_name>sys_variable_value</sys_class_name>
        <sys_created_by>stefan.grabs</sys_created_by>
        <sys_created_on>2017-08-30 22:10:09</sys_created_on>
        <sys_id>1284165fdb744300346ff2b6ae9619ef</sys_id>
        <sys_mod_count>0</sys_mod_count>
        <sys_updated_by>stefan.grabs</sys_updated_by>
        <sys_updated_on>2017-08-30 22:10:09</sys_updated_on>
        <value>active=false</value>
        <variable display_value="">5ff92c160b10030085c083eb37673ac1</variable>
    </sys_variable_value>
    <sys_variable_value action="INSERT_OR_UPDATE">
        <document>sys_hub_action_instance</document>
        <document_key>1a84165fdb744300346ff2b6ae9619eb</document_key>
        <order>1</order>
        <sys_class_name>sys_variable_value</sys_class_name>
        <sys_created_by>stefan.grabs</sys_created_by>
        <sys_created_on>2017-08-30 22:10:09</sys_created_on>
        <sys_id>d284165fdb744300346ff2b6ae9619ef</sys_id>
        <sys_mod_count>0</sys_mod_count>
        <sys_updated_by>stefan.grabs</sys_updated_by>
        <sys_updated_on>2017-08-30 22:10:09</sys_updated_on>
        <value>sn_si_task</value>
        <variable display_value="">1ff92c160b10030085c083eb37673a81</variable>
    </sys_variable_value>
    <sys_element_mapping action="delete_multiple" query="id=1a84165fdb744300346ff2b6ae9619eb"/>
    <sys_element_mapping action="INSERT_OR_UPDATE">
        <field>conditions</field>
        <id>1a84165fdb744300346ff2b6ae9619eb</id>
        <sys_created_by>stefan.grabs</sys_created_by>
        <sys_created_on>2017-08-30 22:10:09</sys_created_on>
        <sys_id>1a84165fdb744300346ff2b6ae9619ee</sys_id>
        <sys_mod_count>0</sys_mod_count>
        <sys_updated_by>stefan.grabs</sys_updated_by>
        <sys_updated_on>2017-08-30 22:10:09</sys_updated_on>
        <table>var__m_sys_hub_action_input_d3f92c160b10030085c083eb37673a7f</table>
        <value/>
    </sys_element_mapping>
    <sys_element_mapping action="INSERT_OR_UPDATE">
        <field>record</field>
        <id>1a84165fdb744300346ff2b6ae9619eb</id>
        <sys_created_by>stefan.grabs</sys_created_by>
        <sys_created_on>2017-08-30 22:10:09</sys_created_on>
        <sys_id>9e84165fdb744300346ff2b6ae9619ee</sys_id>
        <sys_mod_count>0</sys_mod_count>
        <sys_updated_by>stefan.grabs</sys_updated_by>
        <sys_updated_on>2017-08-30 22:10:09</sys_updated_on>
        <table>var__m_sys_hub_action_input_d3f92c160b10030085c083eb37673a7f</table>
        <value>{{4b3ef1eb-28cb-427f-8c70-504027b58f3c.Security Incident Flow Response Task}}</value>
    </sys_element_mapping>
    <sys_element_mapping action="INSERT_OR_UPDATE">
        <field>table_name</field>
        <id>1a84165fdb744300346ff2b6ae9619eb</id>
        <sys_created_by>stefan.grabs</sys_created_by>
        <sys_created_on>2017-08-30 22:10:09</sys_created_on>
        <sys_id>da84165fdb744300346ff2b6ae9619ee</sys_id>
        <sys_mod_count>0</sys_mod_count>
        <sys_updated_by>stefan.grabs</sys_updated_by>
        <sys_updated_on>2017-08-30 22:10:09</sys_updated_on>
        <table>var__m_sys_hub_action_input_d3f92c160b10030085c083eb37673a7f</table>
        <value/>
    </sys_element_mapping>
</record_update>
