<?xml version="1.0" encoding="UTF-8"?>
<record_update table="sys_hub_action_instance">
    <sys_hub_action_instance action="INSERT_OR_UPDATE">
        <action_inputs/>
        <action_inputs/>
        <action_type display_value="Create Task">2b3a6335531003003bf1d9109ec58759</action_type>
        <comment/>
        <compiled_snapshot/>
        <display_text/>
        <flow display_value="Security Incident - Confidential Data Exposure - Template">505dc43edb700300346ff2b6ae96190a</flow>
        <order>2.5</order>
        <parent_ui_id>f1af08e9-100c-4cae-8247-7b4288c5570a</parent_ui_id>
        <sys_class_name>sys_hub_action_instance</sys_class_name>
        <sys_created_by>admin</sys_created_by>
        <sys_created_on>2017-08-28 23:02:26</sys_created_on>
        <sys_id>bc5dc43edb700300346ff2b6ae961939</sys_id>
        <sys_mod_count>2</sys_mod_count>
        <sys_name/>
        <sys_package display_value="Security Operations Spoke" source="sn_sec_spoke">8ef54857dbc14300d11f77bcbf961975</sys_package>
        <sys_policy>read</sys_policy>
        <sys_scope display_value="Security Operations Spoke">8ef54857dbc14300d11f77bcbf961975</sys_scope>
        <sys_update_name>sys_hub_action_instance_bc5dc43edb700300346ff2b6ae961939</sys_update_name>
        <sys_updated_by>admin</sys_updated_by>
        <sys_updated_on>2017-08-28 23:02:26</sys_updated_on>
        <ui_id>de84ead3-e3e8-4461-907d-d07ecf0f948b</ui_id>
    </sys_hub_action_instance>
    <sys_variable_value action="delete_multiple" query="document_key=bc5dc43edb700300346ff2b6ae961939"/>
    <sys_variable_value action="INSERT_OR_UPDATE">
        <document>sys_hub_action_instance</document>
        <document_key>bc5dc43edb700300346ff2b6ae961939</document_key>
        <order>0</order>
        <sys_class_name>sys_variable_value</sys_class_name>
        <sys_created_by>admin</sys_created_by>
        <sys_created_on>2017-08-28 23:02:26</sys_created_on>
        <sys_id>7c5dc43edb700300346ff2b6ae961949</sys_id>
        <sys_mod_count>0</sys_mod_count>
        <sys_updated_by>admin</sys_updated_by>
        <sys_updated_on>2017-08-28 23:02:26</sys_updated_on>
        <value>sn_si_task</value>
        <variable display_value="">e73a6335531003003bf1d9109ec5875c</variable>
    </sys_variable_value>
    <sys_variable_value action="INSERT_OR_UPDATE">
        <document>sys_hub_action_instance</document>
        <document_key>bc5dc43edb700300346ff2b6ae961939</document_key>
        <order>2</order>
        <sys_class_name>sys_variable_value</sys_class_name>
        <sys_created_by>admin</sys_created_by>
        <sys_created_on>2017-08-28 23:02:26</sys_created_on>
        <sys_id>b85dc43edb700300346ff2b6ae961949</sys_id>
        <sys_mod_count>0</sys_mod_count>
        <sys_updated_by>admin</sys_updated_by>
        <sys_updated_on>2017-08-28 23:02:26</sys_updated_on>
        <value>1</value>
        <variable display_value="">ff3a6335531003003bf1d9109ec58777</variable>
    </sys_variable_value>
    <sys_element_mapping action="delete_multiple" query="id=bc5dc43edb700300346ff2b6ae961939"/>
    <sys_element_mapping action="INSERT_OR_UPDATE">
        <field>field_values</field>
        <id>bc5dc43edb700300346ff2b6ae961939</id>
        <sys_created_by>admin</sys_created_by>
        <sys_created_on>2017-08-28 23:02:26</sys_created_on>
        <sys_id>385dc43edb700300346ff2b6ae961949</sys_id>
        <sys_mod_count>0</sys_mod_count>
        <sys_updated_by>admin</sys_updated_by>
        <sys_updated_on>2017-08-28 23:02:26</sys_updated_on>
        <table>var__m_sys_hub_action_input_2b3a6335531003003bf1d9109ec58759</table>
        <value>parent={{Created or Updated_1.current}}^short_description=PR process</value>
    </sys_element_mapping>
    <sys_element_mapping action="INSERT_OR_UPDATE">
        <field>task_table</field>
        <id>bc5dc43edb700300346ff2b6ae961939</id>
        <sys_created_by>admin</sys_created_by>
        <sys_created_on>2017-08-28 23:02:26</sys_created_on>
        <sys_id>745dc43edb700300346ff2b6ae961949</sys_id>
        <sys_mod_count>0</sys_mod_count>
        <sys_updated_by>admin</sys_updated_by>
        <sys_updated_on>2017-08-28 23:02:26</sys_updated_on>
        <table>var__m_sys_hub_action_input_2b3a6335531003003bf1d9109ec58759</table>
        <value/>
    </sys_element_mapping>
    <sys_element_mapping action="INSERT_OR_UPDATE">
        <field>wait</field>
        <id>bc5dc43edb700300346ff2b6ae961939</id>
        <sys_created_by>admin</sys_created_by>
        <sys_created_on>2017-08-28 23:02:26</sys_created_on>
        <sys_id>b05dc43edb700300346ff2b6ae961949</sys_id>
        <sys_mod_count>0</sys_mod_count>
        <sys_updated_by>admin</sys_updated_by>
        <sys_updated_on>2017-08-28 23:02:26</sys_updated_on>
        <table>var__m_sys_hub_action_input_2b3a6335531003003bf1d9109ec58759</table>
        <value/>
    </sys_element_mapping>
</record_update>
