<?xml version="1.0" encoding="UTF-8"?>
<record_update table="sys_hub_action_instance">
    <sys_hub_action_instance action="INSERT_OR_UPDATE">
        <action_inputs/>
        <action_inputs/>
        <action_type display_value="Security Incident Flow Response Task">8c19ca97db744300346ff2b6ae96190b</action_type>
        <comment>Identify impacted systems</comment>
        <compiled_snapshot display_value="Security Incident Flow Response Task">8c19ca97db744300346ff2b6ae96190b</compiled_snapshot>
        <display_text/>
        <flow display_value="Security Incident - Reconnaissance - Template">d45d065bdb744300346ff2b6ae961920</flow>
        <order>2.1</order>
        <parent_ui_id>a7b957b6-8347-4f8c-8ed6-f48198d22084</parent_ui_id>
        <sys_class_name>sys_hub_action_instance</sys_class_name>
        <sys_created_by>stefan.grabs</sys_created_by>
        <sys_created_on>2017-08-30 21:41:31</sys_created_on>
        <sys_id>76fd8a5bdb744300346ff2b6ae961986</sys_id>
        <sys_mod_count>6</sys_mod_count>
        <sys_name/>
        <sys_package display_value="Security Operations Spoke" source="sn_sec_spoke">8ef54857dbc14300d11f77bcbf961975</sys_package>
        <sys_policy>read</sys_policy>
        <sys_scope display_value="Security Operations Spoke">8ef54857dbc14300d11f77bcbf961975</sys_scope>
        <sys_update_name>sys_hub_action_instance_76fd8a5bdb744300346ff2b6ae961986</sys_update_name>
        <sys_updated_by>stefan.grabs</sys_updated_by>
        <sys_updated_on>2017-08-30 22:12:13</sys_updated_on>
        <ui_id>8a5e8926-979f-4cf1-bea8-5bd8d0b43a4d</ui_id>
    </sys_hub_action_instance>
    <sys_variable_value action="delete_multiple" query="document_key=76fd8a5bdb744300346ff2b6ae961986"/>
    <sys_variable_value action="INSERT_OR_UPDATE">
        <document>sys_hub_action_instance</document>
        <document_key>76fd8a5bdb744300346ff2b6ae961986</document_key>
        <order>3</order>
        <sys_class_name>sys_variable_value</sys_class_name>
        <sys_created_by>stefan.grabs</sys_created_by>
        <sys_created_on>2017-08-30 21:41:33</sys_created_on>
        <sys_id>1ffd8a5bdb744300346ff2b6ae9619f5</sys_id>
        <sys_mod_count>0</sys_mod_count>
        <sys_updated_by>stefan.grabs</sys_updated_by>
        <sys_updated_on>2017-08-30 21:41:33</sys_updated_on>
        <value>1</value>
        <variable display_value="">e019ca97db744300346ff2b6ae96194b</variable>
    </sys_variable_value>
    <sys_variable_value action="INSERT_OR_UPDATE">
        <document>sys_hub_action_instance</document>
        <document_key>76fd8a5bdb744300346ff2b6ae961986</document_key>
        <order>3</order>
        <sys_class_name>sys_variable_value</sys_class_name>
        <sys_created_by>stefan.grabs</sys_created_by>
        <sys_created_on>2017-08-30 21:41:31</sys_created_on>
        <sys_id>32fd8a5bdb744300346ff2b6ae96198a</sys_id>
        <sys_mod_count>0</sys_mod_count>
        <sys_updated_by>stefan.grabs</sys_updated_by>
        <sys_updated_on>2017-08-30 21:41:31</sys_updated_on>
        <value>1</value>
        <variable display_value="">569af11fdb344300346ff2b6ae961991</variable>
    </sys_variable_value>
    <sys_variable_value action="INSERT_OR_UPDATE">
        <document>sys_hub_action_instance</document>
        <document_key>76fd8a5bdb744300346ff2b6ae961986</document_key>
        <order>1</order>
        <sys_class_name>sys_variable_value</sys_class_name>
        <sys_created_by>stefan.grabs</sys_created_by>
        <sys_created_on>2017-08-30 21:41:33</sys_created_on>
        <sys_id>5bfd8a5bdb744300346ff2b6ae9619f5</sys_id>
        <sys_mod_count>0</sys_mod_count>
        <sys_updated_by>stefan.grabs</sys_updated_by>
        <sys_updated_on>2017-08-30 21:41:33</sys_updated_on>
        <value>Identify impacted systems</value>
        <variable display_value="">cc19ca97db744300346ff2b6ae961927</variable>
    </sys_variable_value>
    <sys_variable_value action="INSERT_OR_UPDATE">
        <document>sys_hub_action_instance</document>
        <document_key>76fd8a5bdb744300346ff2b6ae961986</document_key>
        <order>1</order>
        <sys_class_name>sys_variable_value</sys_class_name>
        <sys_created_by>stefan.grabs</sys_created_by>
        <sys_created_on>2017-08-30 21:41:31</sys_created_on>
        <sys_id>7efd8a5bdb744300346ff2b6ae961989</sys_id>
        <sys_mod_count>0</sys_mod_count>
        <sys_updated_by>stefan.grabs</sys_updated_by>
        <sys_updated_on>2017-08-30 21:41:31</sys_updated_on>
        <value>Identify impacted systems</value>
        <variable display_value="">c69af11fdb344300346ff2b6ae96196e</variable>
    </sys_variable_value>
    <sys_element_mapping action="delete_multiple" query="id=76fd8a5bdb744300346ff2b6ae961986"/>
    <sys_element_mapping action="INSERT_OR_UPDATE">
        <field>ah_parent_task</field>
        <id>76fd8a5bdb744300346ff2b6ae961986</id>
        <sys_created_by>stefan.grabs</sys_created_by>
        <sys_created_on>2017-08-30 21:41:33</sys_created_on>
        <sys_id>53fd8a5bdb744300346ff2b6ae9619f5</sys_id>
        <sys_mod_count>0</sys_mod_count>
        <sys_updated_by>stefan.grabs</sys_updated_by>
        <sys_updated_on>2017-08-30 21:41:33</sys_updated_on>
        <table>var__m_sys_hub_action_input_8c19ca97db744300346ff2b6ae96190b</table>
        <value>{{Created or Updated_1.current}}</value>
    </sys_element_mapping>
    <sys_element_mapping action="INSERT_OR_UPDATE">
        <field>ah_parent_task</field>
        <id>76fd8a5bdb744300346ff2b6ae961986</id>
        <sys_created_by>stefan.grabs</sys_created_by>
        <sys_created_on>2017-08-30 21:41:31</sys_created_on>
        <sys_id>76fd8a5bdb744300346ff2b6ae961989</sys_id>
        <sys_mod_count>0</sys_mod_count>
        <sys_updated_by>stefan.grabs</sys_updated_by>
        <sys_updated_on>2017-08-30 21:41:31</sys_updated_on>
        <table>var__m_sys_hub_action_input_f5a8b1dbdb344300346ff2b6ae96190a</table>
        <value>{{Created or Updated_1.current}}</value>
    </sys_element_mapping>
    <sys_element_mapping action="INSERT_OR_UPDATE">
        <field>ah_short_description</field>
        <id>76fd8a5bdb744300346ff2b6ae961986</id>
        <sys_created_by>stefan.grabs</sys_created_by>
        <sys_created_on>2017-08-30 21:41:33</sys_created_on>
        <sys_id>d7fd8a5bdb744300346ff2b6ae9619f5</sys_id>
        <sys_mod_count>0</sys_mod_count>
        <sys_updated_by>stefan.grabs</sys_updated_by>
        <sys_updated_on>2017-08-30 21:41:33</sys_updated_on>
        <table>var__m_sys_hub_action_input_8c19ca97db744300346ff2b6ae96190b</table>
        <value/>
    </sys_element_mapping>
    <sys_element_mapping action="INSERT_OR_UPDATE">
        <field>ah_short_description</field>
        <id>76fd8a5bdb744300346ff2b6ae961986</id>
        <sys_created_by>stefan.grabs</sys_created_by>
        <sys_created_on>2017-08-30 21:41:31</sys_created_on>
        <sys_id>fafd8a5bdb744300346ff2b6ae961989</sys_id>
        <sys_mod_count>0</sys_mod_count>
        <sys_updated_by>stefan.grabs</sys_updated_by>
        <sys_updated_on>2017-08-30 21:41:31</sys_updated_on>
        <table>var__m_sys_hub_action_input_f5a8b1dbdb344300346ff2b6ae96190a</table>
        <value/>
    </sys_element_mapping>
    <sys_element_mapping action="INSERT_OR_UPDATE">
        <field>ah_wait_for_completion</field>
        <id>76fd8a5bdb744300346ff2b6ae961986</id>
        <sys_created_by>stefan.grabs</sys_created_by>
        <sys_created_on>2017-08-30 21:41:33</sys_created_on>
        <sys_id>17fd8a5bdb744300346ff2b6ae9619f5</sys_id>
        <sys_mod_count>0</sys_mod_count>
        <sys_updated_by>stefan.grabs</sys_updated_by>
        <sys_updated_on>2017-08-30 21:41:33</sys_updated_on>
        <table>var__m_sys_hub_action_input_8c19ca97db744300346ff2b6ae96190b</table>
        <value/>
    </sys_element_mapping>
    <sys_element_mapping action="INSERT_OR_UPDATE">
        <field>ah_wait_for_completion</field>
        <id>76fd8a5bdb744300346ff2b6ae961986</id>
        <sys_created_by>stefan.grabs</sys_created_by>
        <sys_created_on>2017-08-30 21:41:31</sys_created_on>
        <sys_id>3afd8a5bdb744300346ff2b6ae961989</sys_id>
        <sys_mod_count>0</sys_mod_count>
        <sys_updated_by>stefan.grabs</sys_updated_by>
        <sys_updated_on>2017-08-30 21:41:31</sys_updated_on>
        <table>var__m_sys_hub_action_input_f5a8b1dbdb344300346ff2b6ae96190a</table>
        <value/>
    </sys_element_mapping>
</record_update>
