<?xml version="1.0" encoding="UTF-8"?>
<record_update table="sys_hub_action_instance">
    <sys_hub_action_instance action="INSERT_OR_UPDATE">
        <action_inputs/>
        <action_inputs/>
        <action_type display_value="Wait For Condition">d3f92c160b10030085c083eb37673a7f</action_type>
        <comment>Wait for: HR Review</comment>
        <compiled_snapshot display_value="Wait For Condition">d3f92c160b10030085c083eb37673a7f</compiled_snapshot>
        <display_text/>
        <flow display_value="Security Incident - Malicious Software - Template">1235169fdb744300346ff2b6ae9619e9</flow>
        <order>2.4.5</order>
        <parent_ui_id>6354c816-55e7-4d6b-9361-b76fbba5c3bf</parent_ui_id>
        <sys_class_name>sys_hub_action_instance</sys_class_name>
        <sys_created_by>stefan.grabs</sys_created_by>
        <sys_created_on>2017-08-30 22:13:13</sys_created_on>
        <sys_id>0b35569fdb744300346ff2b6ae961956</sys_id>
        <sys_mod_count>3</sys_mod_count>
        <sys_name/>
        <sys_package display_value="Security Operations Spoke" source="sn_sec_spoke">8ef54857dbc14300d11f77bcbf961975</sys_package>
        <sys_policy>read</sys_policy>
        <sys_scope display_value="Security Operations Spoke">8ef54857dbc14300d11f77bcbf961975</sys_scope>
        <sys_update_name>sys_hub_action_instance_0b35569fdb744300346ff2b6ae961956</sys_update_name>
        <sys_updated_by>stefan.grabs</sys_updated_by>
        <sys_updated_on>2017-08-30 22:13:19</sys_updated_on>
        <ui_id>83983e42-e9ae-4d07-ae19-313535f4c594</ui_id>
    </sys_hub_action_instance>
    <sys_variable_value action="delete_multiple" query="document_key=0b35569fdb744300346ff2b6ae961956"/>
    <sys_variable_value action="INSERT_OR_UPDATE">
        <document>sys_hub_action_instance</document>
        <document_key>0b35569fdb744300346ff2b6ae961956</document_key>
        <order>1</order>
        <sys_class_name>sys_variable_value</sys_class_name>
        <sys_created_by>stefan.grabs</sys_created_by>
        <sys_created_on>2017-08-30 22:13:13</sys_created_on>
        <sys_id>0335569fdb744300346ff2b6ae96195a</sys_id>
        <sys_mod_count>0</sys_mod_count>
        <sys_updated_by>stefan.grabs</sys_updated_by>
        <sys_updated_on>2017-08-30 22:13:13</sys_updated_on>
        <value>sn_si_task</value>
        <variable display_value="">1ff92c160b10030085c083eb37673a81</variable>
    </sys_variable_value>
    <sys_variable_value action="INSERT_OR_UPDATE">
        <document>sys_hub_action_instance</document>
        <document_key>0b35569fdb744300346ff2b6ae961956</document_key>
        <order>2</order>
        <sys_class_name>sys_variable_value</sys_class_name>
        <sys_created_by>stefan.grabs</sys_created_by>
        <sys_created_on>2017-08-30 22:13:13</sys_created_on>
        <sys_id>4f35569fdb744300346ff2b6ae961959</sys_id>
        <sys_mod_count>0</sys_mod_count>
        <sys_updated_by>stefan.grabs</sys_updated_by>
        <sys_updated_on>2017-08-30 22:13:13</sys_updated_on>
        <value>active=false</value>
        <variable display_value="">5ff92c160b10030085c083eb37673ac1</variable>
    </sys_variable_value>
    <sys_element_mapping action="delete_multiple" query="id=0b35569fdb744300346ff2b6ae961956"/>
    <sys_element_mapping action="INSERT_OR_UPDATE">
        <field>conditions</field>
        <id>0b35569fdb744300346ff2b6ae961956</id>
        <sys_created_by>stefan.grabs</sys_created_by>
        <sys_created_on>2017-08-30 22:13:13</sys_created_on>
        <sys_id>4735569fdb744300346ff2b6ae961959</sys_id>
        <sys_mod_count>0</sys_mod_count>
        <sys_updated_by>stefan.grabs</sys_updated_by>
        <sys_updated_on>2017-08-30 22:13:13</sys_updated_on>
        <table>var__m_sys_hub_action_input_d3f92c160b10030085c083eb37673a7f</table>
        <value/>
    </sys_element_mapping>
    <sys_element_mapping action="INSERT_OR_UPDATE">
        <field>record</field>
        <id>0b35569fdb744300346ff2b6ae961956</id>
        <sys_created_by>stefan.grabs</sys_created_by>
        <sys_created_on>2017-08-30 22:13:13</sys_created_on>
        <sys_id>cb35569fdb744300346ff2b6ae961959</sys_id>
        <sys_mod_count>0</sys_mod_count>
        <sys_updated_by>stefan.grabs</sys_updated_by>
        <sys_updated_on>2017-08-30 22:13:13</sys_updated_on>
        <table>var__m_sys_hub_action_input_d3f92c160b10030085c083eb37673a7f</table>
        <value>{{b54501b1-68e6-4a53-98a9-eb75bbd968c9.Security Incident Flow Response Task}}</value>
    </sys_element_mapping>
    <sys_element_mapping action="INSERT_OR_UPDATE">
        <field>table_name</field>
        <id>0b35569fdb744300346ff2b6ae961956</id>
        <sys_created_by>stefan.grabs</sys_created_by>
        <sys_created_on>2017-08-30 22:13:13</sys_created_on>
        <sys_id>0b35569fdb744300346ff2b6ae961959</sys_id>
        <sys_mod_count>0</sys_mod_count>
        <sys_updated_by>stefan.grabs</sys_updated_by>
        <sys_updated_on>2017-08-30 22:13:13</sys_updated_on>
        <table>var__m_sys_hub_action_input_d3f92c160b10030085c083eb37673a7f</table>
        <value/>
    </sys_element_mapping>
</record_update>
