<?xml version="1.0" encoding="UTF-8"?>
<record_update table="sys_hub_action_output">
    <sys_hub_action_output action="INSERT_OR_UPDATE">
        <active>true</active>
        <array>false</array>
        <array_denormalized>false</array_denormalized>
        <attributes>element_mapping_provider=com.glide.flow_design.action.data.FlowDesignVariableMapper</attributes>
        <audit>false</audit>
        <calculation><![CDATA[(function calculatedFieldValue(current) {

	// Add your code here
	return '';  // return the calculated value

})(current);]]></calculation>
        <choice/>
        <choice_field/>
        <choice_table/>
        <column_label>Security Incident Flow Response Task</column_label>
        <comments/>
        <create_roles/>
        <default_value/>
        <defaultsort/>
        <delete_roles/>
        <dependent/>
        <dependent_on_field/>
        <display>false</display>
        <dynamic_creation>false</dynamic_creation>
        <dynamic_creation_script/>
        <dynamic_default_value/>
        <dynamic_ref_qual/>
        <element>Security Incident Flow Response Task</element>
        <element_prototype display_value="Task" element="task" name="var__m_sys_flow_step_definition_output_07973e960b233200cbd9e240e0ea604e">9f0b036353233200f5bf435723dc3475</element_prototype>
        <element_reference>false</element_reference>
        <foreign_database/>
        <function_definition/>
        <function_field>false</function_field>
        <help/>
        <hint/>
        <internal_link/>
        <internal_type display_value="">document_id</internal_type>
        <label>Security Incident Flow Response Task</label>
        <mandatory>false</mandatory>
        <max_length>32</max_length>
        <model display_value="Security Incident Flow Response Task">8c19ca97db744300346ff2b6ae96190b</model>
        <model_id>8c19ca97db744300346ff2b6ae96190b</model_id>
        <model_table>sys_hub_action_type_snapshot</model_table>
        <name>var__m_sys_hub_action_output_8c19ca97db744300346ff2b6ae96190b</name>
        <next_element/>
        <order>0</order>
        <primary>false</primary>
        <read_only>false</read_only>
        <read_roles/>
        <reference display_value="" name="sn_si_task">sn_si_task</reference>
        <reference_cascade_rule/>
        <reference_floats>false</reference_floats>
        <reference_key/>
        <reference_qual/>
        <reference_qual_condition/>
        <reference_type/>
        <sizeclass/>
        <spell_check>false</spell_check>
        <staged>false</staged>
        <sys_class_name>sys_hub_action_output</sys_class_name>
        <sys_created_by>stefan.grabs</sys_created_by>
        <sys_created_on>2017-08-30 21:20:06</sys_created_on>
        <sys_id>8d19ca97db744300346ff2b6ae96197c</sys_id>
        <sys_mod_count>2</sys_mod_count>
        <sys_name>Security Incident Flow Response Task</sys_name>
        <sys_package display_value="Security Operations Spoke" source="sn_sec_spoke">8ef54857dbc14300d11f77bcbf961975</sys_package>
        <sys_policy>read</sys_policy>
        <sys_scope display_value="Security Operations Spoke">8ef54857dbc14300d11f77bcbf961975</sys_scope>
        <sys_update_name>sys_hub_action_output_8d19ca97db744300346ff2b6ae96197c</sys_update_name>
        <sys_updated_by>stefan.grabs</sys_updated_by>
        <sys_updated_on>2017-08-30 21:20:06</sys_updated_on>
        <table_reference>false</table_reference>
        <text_index>false</text_index>
        <unique>false</unique>
        <use_dependent_field>false</use_dependent_field>
        <use_dynamic_default>false</use_dynamic_default>
        <use_reference_qualifier>simple</use_reference_qualifier>
        <virtual>false</virtual>
        <widget/>
        <write_roles/>
        <xml_view>false</xml_view>
    </sys_hub_action_output>
</record_update>
