<?xml version="1.0" encoding="UTF-8"?>
<record_update table="sys_hub_flow_snapshot">
    <sys_hub_flow_snapshot action="INSERT_OR_UPDATE">
        <active>true</active>
        <description/>
        <label_cache>[{"name":"d557bec2-21de-4a97-9ecc-bc912f6cdea2.Security Incident Flow Response Task.outcome","label":"2.2➛Security Incident Flow Response Task➛Outcome","reference":"","reference_display":"Outcome","type":"choice","base_type":"choice","parent_table_name":"sn_si_task","column_name":"outcome"},{"name":"9ad2322d-d1df-4553-9e89-178a79dc1e80.Security Incident Flow Response Task.outcome","label":"1➛Security Incident Flow Response Task➛Outcome","reference":"","reference_display":"Outcome","type":"choice","base_type":"choice","parent_table_name":"sn_si_task","column_name":"outcome"},{"name":"Created or Updated_1.current","label":"Trigger➛Security Incident Record","reference":"sn_si_incident","reference_display":"Security Incident","type":"reference","base_type":"reference"}]</label_cache>
        <name>Security Incident - Reconnaissance - Template</name>
        <parent_flow display_value="Security Incident - Reconnaissance - Template">d45d065bdb744300346ff2b6ae961920</parent_flow>
        <status>published</status>
        <sys_class_name>sys_hub_flow_snapshot</sys_class_name>
        <sys_created_by>stefan.grabs</sys_created_by>
        <sys_created_on>2017-08-30 22:12:03</sys_created_on>
        <sys_id>8af49e5fdb744300346ff2b6ae961905</sys_id>
        <sys_mod_count>0</sys_mod_count>
        <sys_name>Security Incident - Reconnaissance - Template</sys_name>
        <sys_package display_value="Security Operations Spoke" source="sn_sec_spoke">8ef54857dbc14300d11f77bcbf961975</sys_package>
        <sys_policy>read</sys_policy>
        <sys_scope display_value="Security Operations Spoke">8ef54857dbc14300d11f77bcbf961975</sys_scope>
        <sys_update_name>sys_hub_flow_snapshot_8af49e5fdb744300346ff2b6ae961905</sys_update_name>
        <sys_updated_by>stefan.grabs</sys_updated_by>
        <sys_updated_on>2017-08-30 22:12:03</sys_updated_on>
    </sys_hub_flow_snapshot>
</record_update>
