<?xml version="1.0" encoding="UTF-8"?>
<record_update table="sys_hub_flow_snapshot">
    <sys_hub_flow_snapshot action="INSERT_OR_UPDATE">
        <active>true</active>
        <description/>
        <label_cache>[{"name":"e061036e-7ffe-4de9-ab1b-e0150c361d8f.Record.outcome","label":"1➛Security Incident Response Task Record➛Outcome","reference":"","reference_display":"Outcome","type":"choice","base_type":"choice","parent_table_name":"sn_si_task","column_name":"outcome","choices":[{"label":"-- None --","reference":false,"used":false,"image":"","selected":false,"missing":false,"rawLabel":"-- None --","value":""},{"reference":false,"used":false,"image":"","selected":false,"missing":false,"rawLabel":"Yes","label":"Yes","value":"yes"},{"reference":false,"used":false,"image":"","selected":false,"missing":false,"rawLabel":"No","label":"No","value":"no"}]},{"name":"e061036e-7ffe-4de9-ab1b-e0150c361d8f.Record","label":"1➛Security Incident Response Task Record","reference":"sn_si_task","reference_display":"Security Incident Response Task","type":"reference","base_type":"reference"},{"name":"Created or Updated_1.current","label":"Trigger➛Security Incident Record","reference":"sn_si_incident","reference_display":"Security Incident","type":"reference","base_type":"reference"}]</label_cache>
        <name>Security Incident - Confidential Data Exposure - Template</name>
        <parent_flow display_value="Security Incident - Confidential Data Exposure - Template">ed6f8715dbf04300346ff2b6ae9619ec</parent_flow>
        <status>published</status>
        <sys_class_name>sys_hub_flow_snapshot</sys_class_name>
        <sys_created_by>admin</sys_created_by>
        <sys_created_on>2017-08-24 21:28:09</sys_created_on>
        <sys_id>ec611f55dbf04300346ff2b6ae9619b2</sys_id>
        <sys_mod_count>0</sys_mod_count>
        <sys_name>Security Incident - Confidential Data Exposure - Template</sys_name>
        <sys_package display_value="Security Operations Spoke" source="sn_sec_spoke">8ef54857dbc14300d11f77bcbf961975</sys_package>
        <sys_policy>read</sys_policy>
        <sys_scope display_value="Security Operations Spoke">8ef54857dbc14300d11f77bcbf961975</sys_scope>
        <sys_update_name>sys_hub_flow_snapshot_ec611f55dbf04300346ff2b6ae9619b2</sys_update_name>
        <sys_updated_by>admin</sys_updated_by>
        <sys_updated_on>2017-08-24 21:28:09</sys_updated_on>
    </sys_hub_flow_snapshot>
</record_update>
