<?xml version="1.0" encoding="UTF-8"?>
<record_update table="sys_hub_action_type_snapshot">
    <sys_hub_action_type_snapshot action="INSERT_OR_UPDATE">
        <access>public</access>
        <annotation>Create a regular or outcome driven response task based on a Security Incident.</annotation>
        <category display_value="Security Operations">48783d9bdb344300346ff2b6ae9619e7</category>
        <description>Create a regular or outcome driven response task based on a Security Incident.</description>
        <label_cache>[{"name":"{{action.ah_short_description}}","label":"action➛Short Description","type":"action","ref":""},{"name":"{{action.ah_parent_task}}","label":"action➛Parent Task","type":"action","ref":"task"},{"name":"{{action.ah_wait_for_completion}}","label":"action➛Wait For Completion","type":"action","ref":""},{"name":"{{action.ah_outcome_type}}","label":"action➛Outcome Type","type":"action","ref":""},{"name":"{{step[2993264b-dd03-4849-85e6-a04163c1fd57].task}}","label":"step➛Create Task step➛Security Incident Response Task Record","type":"step","ref":"sn_si_task"}]</label_cache>
        <name>Security Incident Flow Response Task</name>
        <outputs/>
        <outputs/>
        <parent_action display_value="Security Incident Flow Response Task">f5a8b1dbdb344300346ff2b6ae96190a</parent_action>
        <sys_class_name>sys_hub_action_type_snapshot</sys_class_name>
        <sys_created_by>stefan.grabs</sys_created_by>
        <sys_created_on>2017-08-30 21:20:01</sys_created_on>
        <sys_id>8c19ca97db744300346ff2b6ae96190b</sys_id>
        <sys_mod_count>1</sys_mod_count>
        <sys_name>Security Incident Flow Response Task</sys_name>
        <sys_package display_value="Security Operations Spoke" source="sn_sec_spoke">8ef54857dbc14300d11f77bcbf961975</sys_package>
        <sys_policy>read</sys_policy>
        <sys_scope display_value="Security Operations Spoke">8ef54857dbc14300d11f77bcbf961975</sys_scope>
        <sys_update_name>sys_hub_action_type_snapshot_8c19ca97db744300346ff2b6ae96190b</sys_update_name>
        <sys_updated_by>stefan.grabs</sys_updated_by>
        <sys_updated_on>2017-08-30 21:20:07</sys_updated_on>
        <system_level>false</system_level>
    </sys_hub_action_type_snapshot>
    <sys_translated_text action="delete_multiple" query="documentkey=8c19ca97db744300346ff2b6ae96190b"/>
    <sys_variable_value action="delete_multiple" query="document_key=8c19ca97db744300346ff2b6ae96190b"/>
    <sys_element_mapping action="delete_multiple" query="id=8c19ca97db744300346ff2b6ae96190b"/>
    <sys_element_mapping action="INSERT_OR_UPDATE">
        <field>Security Incident Flow Response Task</field>
        <id>8c19ca97db744300346ff2b6ae96190b</id>
        <sys_created_by>stefan.grabs</sys_created_by>
        <sys_created_on>2017-08-30 21:20:07</sys_created_on>
        <sys_id>5919ca97db744300346ff2b6ae96198e</sys_id>
        <sys_mod_count>0</sys_mod_count>
        <sys_updated_by>stefan.grabs</sys_updated_by>
        <sys_updated_on>2017-08-30 21:20:07</sys_updated_on>
        <table>var__m_sys_hub_action_output_8c19ca97db744300346ff2b6ae96190b</table>
        <value>{{step[2993264b-dd03-4849-85e6-a04163c1fd57].task}}</value>
    </sys_element_mapping>
</record_update>
