<?xml version="1.0" encoding="UTF-8"?>
<record_update>
    <sys_documentation element="Security Incident Flow Response Task" label="Security Incident Flow Response Task" language="en" table="var__m_sys_hub_action_output_16af79dfdb344300346ff2b6ae9619a3">
        <sys_documentation action="INSERT_OR_UPDATE">
            <element>Security Incident Flow Response Task</element>
            <help/>
            <hint/>
            <label>Security Incident Flow Response Task</label>
            <language>en</language>
            <name>var__m_sys_hub_action_output_16af79dfdb344300346ff2b6ae9619a3</name>
            <plural>Security Incident Flow Response Task</plural>
            <sys_class_name>sys_documentation</sys_class_name>
            <sys_created_by>stefan.grabs</sys_created_by>
            <sys_created_on>2017-08-30 20:38:59</sys_created_on>
            <sys_id>3aafb9dfdb344300346ff2b6ae961920</sys_id>
            <sys_mod_count>0</sys_mod_count>
            <sys_name>Security Incident Flow Response Task</sys_name>
            <sys_package display_value="Security Operations Spoke" source="sn_sec_spoke">8ef54857dbc14300d11f77bcbf961975</sys_package>
            <sys_policy>read</sys_policy>
            <sys_scope display_value="Security Operations Spoke">8ef54857dbc14300d11f77bcbf961975</sys_scope>
            <sys_update_name>sys_documentation_var__m_sys_hub_action_output_16af79dfdb344300346ff2b6ae9619a3_Security Incident Flow Response Task_en</sys_update_name>
            <sys_updated_by>stefan.grabs</sys_updated_by>
            <sys_updated_on>2017-08-30 20:38:59</sys_updated_on>
            <url/>
            <url_target/>
        </sys_documentation>
    </sys_documentation>
</record_update>
