<?xml version="1.0" encoding="UTF-8"?>
<record_update table="sys_hub_flow_logic">
    <sys_hub_flow_logic action="INSERT_OR_UPDATE">
        <block display_value="">7d219755dbf04300346ff2b6ae961920</block>
        <connected_to/>
        <display_text/>
        <flow display_value="Security Incident - Confidential Data Exposure - Template">c45f487edb700300346ff2b6ae961912</flow>
        <inputs/>
        <logic_definition display_value="If">af4e1945c3e232002841b63b12d3ae3e</logic_definition>
        <order>2</order>
        <parent_ui_id/>
        <sys_class_name>sys_hub_flow_logic</sys_class_name>
        <sys_created_by>admin</sys_created_by>
        <sys_created_on>2017-08-28 23:11:10</sys_created_on>
        <sys_id>2c5f487edb700300346ff2b6ae961971</sys_id>
        <sys_mod_count>2</sys_mod_count>
        <sys_name/>
        <sys_package display_value="Security Operations Spoke" source="sn_sec_spoke">8ef54857dbc14300d11f77bcbf961975</sys_package>
        <sys_policy>read</sys_policy>
        <sys_scope display_value="Security Operations Spoke">8ef54857dbc14300d11f77bcbf961975</sys_scope>
        <sys_update_name>sys_hub_flow_logic_2c5f487edb700300346ff2b6ae961971</sys_update_name>
        <sys_updated_by>admin</sys_updated_by>
        <sys_updated_on>2017-08-28 23:11:10</sys_updated_on>
        <ui_id>f1af08e9-100c-4cae-8247-7b4288c5570a</ui_id>
    </sys_hub_flow_logic>
    <sys_variable_value action="delete_multiple" query="document_key=2c5f487edb700300346ff2b6ae961971"/>
    <sys_variable_value action="INSERT_OR_UPDATE">
        <document>sys_hub_flow_logic</document>
        <document_key>2c5f487edb700300346ff2b6ae961971</document_key>
        <order>10</order>
        <sys_class_name>sys_variable_value</sys_class_name>
        <sys_created_by>admin</sys_created_by>
        <sys_created_on>2017-08-28 23:11:10</sys_created_on>
        <sys_id>ac5f487edb700300346ff2b6ae961974</sys_id>
        <sys_mod_count>0</sys_mod_count>
        <sys_updated_by>admin</sys_updated_by>
        <sys_updated_on>2017-08-28 23:11:10</sys_updated_on>
        <value>If sensitive data was exposed, outcome should be 'Yes'.</value>
        <variable display_value="">f0af19c1c32632002841b63b12d3aea3</variable>
    </sys_variable_value>
    <sys_variable_value action="INSERT_OR_UPDATE">
        <document>sys_hub_flow_logic</document>
        <document_key>2c5f487edb700300346ff2b6ae961971</document_key>
        <order>20</order>
        <sys_class_name>sys_variable_value</sys_class_name>
        <sys_created_by>admin</sys_created_by>
        <sys_created_on>2017-08-28 23:11:10</sys_created_on>
        <sys_id>e85f487edb700300346ff2b6ae961974</sys_id>
        <sys_mod_count>0</sys_mod_count>
        <sys_updated_by>admin</sys_updated_by>
        <sys_updated_on>2017-08-28 23:11:10</sys_updated_on>
        <value>{{e061036e-7ffe-4de9-ab1b-e0150c361d8f.Record.outcome}}=yes</value>
        <variable display_value="">9a5f5105c32632002841b63b12d3ae46</variable>
    </sys_variable_value>
</record_update>
