<?xml version="1.0" encoding="UTF-8"?>
<record_update table="sys_hub_action_instance">
  <sys_hub_action_instance action="INSERT_OR_UPDATE">
    <action_inputs/>
    <action_inputs/>
    <action_type display_value="Wait For Condition">d3f92c160b10030085c083eb37673a7f</action_type>
    <comment>Wait for: Update email software</comment>
    <compiled_snapshot display_value="Wait For Condition">d3f92c160b10030085c083eb37673a7f</compiled_snapshot>
    <display_text/>
    <flow display_value="Security Incident - Spam - Template">bb99fab90b150300263a089b37673a25</flow>
    <order>3.6</order>
    <parent_ui_id>a9f3e2ab-977e-48dc-a534-8d480a5bb6d8</parent_ui_id>
    <sys_class_name>sys_hub_action_instance</sys_class_name>
    <sys_created_by>admin</sys_created_by>
    <sys_created_on>2017-09-20 05:32:43</sys_created_on>
    <sys_id>40a9fab90b150300263a089b37673a75</sys_id>
    <sys_mod_count>1</sys_mod_count>
    <sys_name/>
    <sys_package display_value="Security Operations Spoke" source="sn_sec_spoke">8ef54857dbc14300d11f77bcbf961975</sys_package>
    <sys_policy>read</sys_policy>
    <sys_scope display_value="Security Operations Spoke">8ef54857dbc14300d11f77bcbf961975</sys_scope>
    <sys_update_name>sys_hub_action_instance_40a9fab90b150300263a089b37673a75</sys_update_name>
    <sys_updated_by>admin</sys_updated_by>
    <sys_updated_on>2017-09-20 05:32:43</sys_updated_on>
    <ui_id>40637a24-f617-4178-95c1-bf09182cc299</ui_id>
  </sys_hub_action_instance>
  <sys_variable_value action="delete_multiple" query="document_key=40a9fab90b150300263a089b37673a75"/>
  <sys_variable_value action="INSERT_OR_UPDATE">
    <document>sys_hub_action_instance</document>
    <document_key>40a9fab90b150300263a089b37673a75</document_key>
    <order>1</order>
    <sys_class_name>sys_variable_value</sys_class_name>
    <sys_created_by>admin</sys_created_by>
    <sys_created_on>2017-09-20 05:32:43</sys_created_on>
    <sys_id>00a9fab90b150300263a089b37673a78</sys_id>
    <sys_mod_count>0</sys_mod_count>
    <sys_updated_by>admin</sys_updated_by>
    <sys_updated_on>2017-09-20 05:32:43</sys_updated_on>
    <value>sn_si_task</value>
    <variable display_value="">1ff92c160b10030085c083eb37673a81</variable>
  </sys_variable_value>
  <sys_variable_value action="INSERT_OR_UPDATE">
    <document>sys_hub_action_instance</document>
    <document_key>40a9fab90b150300263a089b37673a75</document_key>
    <order>2</order>
    <sys_class_name>sys_variable_value</sys_class_name>
    <sys_created_by>admin</sys_created_by>
    <sys_created_on>2017-09-20 05:32:43</sys_created_on>
    <sys_id>4ca9fab90b150300263a089b37673a77</sys_id>
    <sys_mod_count>0</sys_mod_count>
    <sys_updated_by>admin</sys_updated_by>
    <sys_updated_on>2017-09-20 05:32:43</sys_updated_on>
    <value>active=false</value>
    <variable display_value="">5ff92c160b10030085c083eb37673ac1</variable>
  </sys_variable_value>
  <sys_element_mapping action="delete_multiple" query="id=40a9fab90b150300263a089b37673a75"/>
  <sys_element_mapping action="INSERT_OR_UPDATE">
    <field>conditions</field>
    <id>40a9fab90b150300263a089b37673a75</id>
    <sys_created_by>admin</sys_created_by>
    <sys_created_on>2017-09-20 05:32:43</sys_created_on>
    <sys_id>44a9fab90b150300263a089b37673a77</sys_id>
    <sys_mod_count>0</sys_mod_count>
    <sys_updated_by>admin</sys_updated_by>
    <sys_updated_on>2017-09-20 05:32:43</sys_updated_on>
    <table>var__m_sys_hub_action_input_d3f92c160b10030085c083eb37673a7f</table>
    <value/>
  </sys_element_mapping>
  <sys_element_mapping action="INSERT_OR_UPDATE">
    <field>record</field>
    <id>40a9fab90b150300263a089b37673a75</id>
    <sys_created_by>admin</sys_created_by>
    <sys_created_on>2017-09-20 05:32:43</sys_created_on>
    <sys_id>c8a9fab90b150300263a089b37673a77</sys_id>
    <sys_mod_count>0</sys_mod_count>
    <sys_updated_by>admin</sys_updated_by>
    <sys_updated_on>2017-09-20 05:32:43</sys_updated_on>
    <table>var__m_sys_hub_action_input_d3f92c160b10030085c083eb37673a7f</table>
    <value>{{1612f0b1-3c53-4529-ba83-9d2a52eeaca7.Security Incident Flow Response Task}}</value>
  </sys_element_mapping>
  <sys_element_mapping action="INSERT_OR_UPDATE">
    <field>table_name</field>
    <id>40a9fab90b150300263a089b37673a75</id>
    <sys_created_by>admin</sys_created_by>
    <sys_created_on>2017-09-20 05:32:43</sys_created_on>
    <sys_id>08a9fab90b150300263a089b37673a77</sys_id>
    <sys_mod_count>0</sys_mod_count>
    <sys_updated_by>admin</sys_updated_by>
    <sys_updated_on>2017-09-20 05:32:43</sys_updated_on>
    <table>var__m_sys_hub_action_input_d3f92c160b10030085c083eb37673a7f</table>
    <value/>
  </sys_element_mapping>
</record_update>
