<?xml version="1.0" encoding="UTF-8"?>
<record_update table="sys_hub_action_instance">
  <sys_hub_action_instance action="INSERT_OR_UPDATE">
    <action_inputs/>
    <action_inputs/>
    <action_type display_value="Security Incident Flow Response Task">8c19ca97db744300346ff2b6ae96190b</action_type>
    <comment>Update email software</comment>
    <compiled_snapshot display_value="Security Incident Flow Response Task">8c19ca97db744300346ff2b6ae96190b</compiled_snapshot>
    <display_text/>
    <flow display_value="Security Incident - Spam - Template">9cd052dbdb744300346ff2b6ae961966</flow>
    <order>3.3</order>
    <parent_ui_id>a9f3e2ab-977e-48dc-a534-8d480a5bb6d8</parent_ui_id>
    <sys_class_name>sys_hub_action_instance</sys_class_name>
    <sys_created_by>stefan.grabs</sys_created_by>
    <sys_created_on>2017-08-30 21:58:00</sys_created_on>
    <sys_id>50c15adbdb744300346ff2b6ae961981</sys_id>
    <sys_mod_count>8</sys_mod_count>
    <sys_name/>
    <sys_package display_value="Security Operations Spoke" source="sn_sec_spoke">8ef54857dbc14300d11f77bcbf961975</sys_package>
    <sys_policy>read</sys_policy>
    <sys_scope display_value="Security Operations Spoke">8ef54857dbc14300d11f77bcbf961975</sys_scope>
    <sys_update_name>sys_hub_action_instance_50c15adbdb744300346ff2b6ae961981</sys_update_name>
    <sys_updated_by>admin</sys_updated_by>
    <sys_updated_on>2017-09-20 05:32:42</sys_updated_on>
    <ui_id>1612f0b1-3c53-4529-ba83-9d2a52eeaca7</ui_id>
  </sys_hub_action_instance>
  <sys_variable_value action="delete_multiple" query="document_key=50c15adbdb744300346ff2b6ae961981"/>
  <sys_variable_value action="INSERT_OR_UPDATE">
    <document>sys_hub_action_instance</document>
    <document_key>50c15adbdb744300346ff2b6ae961981</document_key>
    <order>1</order>
    <sys_class_name>sys_variable_value</sys_class_name>
    <sys_created_by>stefan.grabs</sys_created_by>
    <sys_created_on>2017-08-30 21:58:01</sys_created_on>
    <sys_id>94c15adbdb744300346ff2b6ae961984</sys_id>
    <sys_mod_count>0</sys_mod_count>
    <sys_updated_by>stefan.grabs</sys_updated_by>
    <sys_updated_on>2017-08-30 21:58:01</sys_updated_on>
    <value>Update email software</value>
    <variable display_value="">c69af11fdb344300346ff2b6ae96196e</variable>
  </sys_variable_value>
  <sys_variable_value action="INSERT_OR_UPDATE">
    <document>sys_hub_action_instance</document>
    <document_key>50c15adbdb744300346ff2b6ae961981</document_key>
    <order>1</order>
    <sys_class_name>sys_variable_value</sys_class_name>
    <sys_created_by>stefan.grabs</sys_created_by>
    <sys_created_on>2017-08-30 21:58:08</sys_created_on>
    <sys_id>9ac19adbdb744300346ff2b6ae961905</sys_id>
    <sys_mod_count>0</sys_mod_count>
    <sys_updated_by>stefan.grabs</sys_updated_by>
    <sys_updated_on>2017-08-30 21:58:08</sys_updated_on>
    <value>Update email software</value>
    <variable display_value="">cc19ca97db744300346ff2b6ae961927</variable>
  </sys_variable_value>
  <sys_element_mapping action="delete_multiple" query="id=50c15adbdb744300346ff2b6ae961981"/>
  <sys_element_mapping action="INSERT_OR_UPDATE">
    <field>ah_parent_task</field>
    <id>50c15adbdb744300346ff2b6ae961981</id>
    <sys_created_by>stefan.grabs</sys_created_by>
    <sys_created_on>2017-08-30 21:58:00</sys_created_on>
    <sys_id>50c15adbdb744300346ff2b6ae961984</sys_id>
    <sys_mod_count>0</sys_mod_count>
    <sys_updated_by>stefan.grabs</sys_updated_by>
    <sys_updated_on>2017-08-30 21:58:00</sys_updated_on>
    <table>var__m_sys_hub_action_input_f5a8b1dbdb344300346ff2b6ae96190a</table>
    <value>{{Created or Updated_1.current}}</value>
  </sys_element_mapping>
  <sys_element_mapping action="INSERT_OR_UPDATE">
    <field>ah_parent_task</field>
    <id>50c15adbdb744300346ff2b6ae961981</id>
    <sys_created_by>stefan.grabs</sys_created_by>
    <sys_created_on>2017-08-30 21:58:08</sys_created_on>
    <sys_id>56c19adbdb744300346ff2b6ae961905</sys_id>
    <sys_mod_count>0</sys_mod_count>
    <sys_updated_by>stefan.grabs</sys_updated_by>
    <sys_updated_on>2017-08-30 21:58:08</sys_updated_on>
    <table>var__m_sys_hub_action_input_8c19ca97db744300346ff2b6ae96190b</table>
    <value>{{Created or Updated_1.current}}</value>
  </sys_element_mapping>
  <sys_element_mapping action="INSERT_OR_UPDATE">
    <field>ah_short_description</field>
    <id>50c15adbdb744300346ff2b6ae961981</id>
    <sys_created_by>stefan.grabs</sys_created_by>
    <sys_created_on>2017-08-30 21:58:01</sys_created_on>
    <sys_id>14c15adbdb744300346ff2b6ae961984</sys_id>
    <sys_mod_count>0</sys_mod_count>
    <sys_updated_by>stefan.grabs</sys_updated_by>
    <sys_updated_on>2017-08-30 21:58:01</sys_updated_on>
    <table>var__m_sys_hub_action_input_f5a8b1dbdb344300346ff2b6ae96190a</table>
    <value/>
  </sys_element_mapping>
  <sys_element_mapping action="INSERT_OR_UPDATE">
    <field>ah_short_description</field>
    <id>50c15adbdb744300346ff2b6ae961981</id>
    <sys_created_by>stefan.grabs</sys_created_by>
    <sys_created_on>2017-08-30 21:58:08</sys_created_on>
    <sys_id>1ac19adbdb744300346ff2b6ae961905</sys_id>
    <sys_mod_count>0</sys_mod_count>
    <sys_updated_by>stefan.grabs</sys_updated_by>
    <sys_updated_on>2017-08-30 21:58:08</sys_updated_on>
    <table>var__m_sys_hub_action_input_8c19ca97db744300346ff2b6ae96190b</table>
    <value/>
  </sys_element_mapping>
</record_update>
