<?xml version="1.0" encoding="UTF-8"?>
<record_update table="sys_hub_flow_logic">
    <sys_hub_flow_logic action="INSERT_OR_UPDATE">
        <block display_value="">63e64657db744300346ff2b6ae961926</block>
        <connected_to/>
        <display_text/>
        <flow display_value="Security Incident - Denial of Service - Template">94959e9fdb744300346ff2b6ae961905</flow>
        <inputs/>
        <logic_definition display_value="If">af4e1945c3e232002841b63b12d3ae3e</logic_definition>
        <order>6</order>
        <parent_ui_id/>
        <sys_class_name>sys_hub_flow_logic</sys_class_name>
        <sys_created_by>stefan.grabs</sys_created_by>
        <sys_created_on>2017-08-30 22:14:44</sys_created_on>
        <sys_id>5d959e9fdb744300346ff2b6ae9619cb</sys_id>
        <sys_mod_count>3</sys_mod_count>
        <sys_name/>
        <sys_package display_value="Security Operations Spoke" source="sn_sec_spoke">8ef54857dbc14300d11f77bcbf961975</sys_package>
        <sys_policy>read</sys_policy>
        <sys_scope display_value="Security Operations Spoke">8ef54857dbc14300d11f77bcbf961975</sys_scope>
        <sys_update_name>sys_hub_flow_logic_5d959e9fdb744300346ff2b6ae9619cb</sys_update_name>
        <sys_updated_by>stefan.grabs</sys_updated_by>
        <sys_updated_on>2017-08-30 22:14:48</sys_updated_on>
        <ui_id>1822c279-b778-440d-ad42-84630bc5fb27</ui_id>
    </sys_hub_flow_logic>
    <sys_variable_value action="delete_multiple" query="document_key=5d959e9fdb744300346ff2b6ae9619cb"/>
    <sys_variable_value action="INSERT_OR_UPDATE">
        <document>sys_hub_flow_logic</document>
        <document_key>5d959e9fdb744300346ff2b6ae9619cb</document_key>
        <order>20</order>
        <sys_class_name>sys_variable_value</sys_class_name>
        <sys_created_by>stefan.grabs</sys_created_by>
        <sys_created_on>2017-08-30 22:14:44</sys_created_on>
        <sys_id>5d959e9fdb744300346ff2b6ae9619ce</sys_id>
        <sys_mod_count>0</sys_mod_count>
        <sys_updated_by>stefan.grabs</sys_updated_by>
        <sys_updated_on>2017-08-30 22:14:44</sys_updated_on>
        <value>{{2919fceb-f5ff-45af-91ab-fa4e6e8fa4eb.Security Incident Flow Response Task.outcome}}=yes</value>
        <variable display_value="">9a5f5105c32632002841b63b12d3ae46</variable>
    </sys_variable_value>
</record_update>
