<?xml version="1.0" encoding="UTF-8"?>
<record_update table="sys_hub_action_instance">
    <sys_hub_action_instance action="INSERT_OR_UPDATE">
        <action_inputs/>
        <action_inputs/>
        <action_type display_value="Wait For Condition">d3f92c160b10030085c083eb37673a7f</action_type>
        <comment>Wait for: Law Enforcement Review</comment>
        <compiled_snapshot display_value="Wait For Condition">d3f92c160b10030085c083eb37673a7f</compiled_snapshot>
        <display_text/>
        <flow display_value="Security Incident - Malicious Software - Template">3cf0ce13db744300346ff2b6ae96191f</flow>
        <order>2.4.6</order>
        <parent_ui_id>6354c816-55e7-4d6b-9361-b76fbba5c3bf</parent_ui_id>
        <sys_class_name>sys_hub_action_instance</sys_class_name>
        <sys_created_by>stefan.grabs</sys_created_by>
        <sys_created_on>2017-08-30 20:53:11</sys_created_on>
        <sys_id>c7e20293db744300346ff2b6ae9619bc</sys_id>
        <sys_mod_count>3</sys_mod_count>
        <sys_name/>
        <sys_package display_value="Security Operations Spoke" source="sn_sec_spoke">8ef54857dbc14300d11f77bcbf961975</sys_package>
        <sys_policy>read</sys_policy>
        <sys_scope display_value="Security Operations Spoke">8ef54857dbc14300d11f77bcbf961975</sys_scope>
        <sys_update_name>sys_hub_action_instance_c7e20293db744300346ff2b6ae9619bc</sys_update_name>
        <sys_updated_by>stefan.grabs</sys_updated_by>
        <sys_updated_on>2017-08-30 22:13:23</sys_updated_on>
        <ui_id>79ce633d-228c-4d19-8957-3de7339471d7</ui_id>
    </sys_hub_action_instance>
    <sys_variable_value action="delete_multiple" query="document_key=c7e20293db744300346ff2b6ae9619bc"/>
    <sys_variable_value action="INSERT_OR_UPDATE">
        <document>sys_hub_action_instance</document>
        <document_key>c7e20293db744300346ff2b6ae9619bc</document_key>
        <order>1</order>
        <sys_class_name>sys_variable_value</sys_class_name>
        <sys_created_by>stefan.grabs</sys_created_by>
        <sys_created_on>2017-08-30 20:53:12</sys_created_on>
        <sys_id>43e20293db744300346ff2b6ae9619c0</sys_id>
        <sys_mod_count>0</sys_mod_count>
        <sys_updated_by>stefan.grabs</sys_updated_by>
        <sys_updated_on>2017-08-30 20:53:12</sys_updated_on>
        <value>sn_si_task</value>
        <variable display_value="">1ff92c160b10030085c083eb37673a81</variable>
    </sys_variable_value>
    <sys_variable_value action="INSERT_OR_UPDATE">
        <document>sys_hub_action_instance</document>
        <document_key>c7e20293db744300346ff2b6ae9619bc</document_key>
        <order>2</order>
        <sys_class_name>sys_variable_value</sys_class_name>
        <sys_created_by>stefan.grabs</sys_created_by>
        <sys_created_on>2017-08-30 20:53:12</sys_created_on>
        <sys_id>8fe20293db744300346ff2b6ae9619bf</sys_id>
        <sys_mod_count>0</sys_mod_count>
        <sys_updated_by>stefan.grabs</sys_updated_by>
        <sys_updated_on>2017-08-30 20:53:12</sys_updated_on>
        <value>active=false</value>
        <variable display_value="">5ff92c160b10030085c083eb37673ac1</variable>
    </sys_variable_value>
    <sys_element_mapping action="delete_multiple" query="id=c7e20293db744300346ff2b6ae9619bc"/>
    <sys_element_mapping action="INSERT_OR_UPDATE">
        <field>conditions</field>
        <id>c7e20293db744300346ff2b6ae9619bc</id>
        <sys_created_by>stefan.grabs</sys_created_by>
        <sys_created_on>2017-08-30 20:53:12</sys_created_on>
        <sys_id>87e20293db744300346ff2b6ae9619bf</sys_id>
        <sys_mod_count>0</sys_mod_count>
        <sys_updated_by>stefan.grabs</sys_updated_by>
        <sys_updated_on>2017-08-30 20:53:12</sys_updated_on>
        <table>var__m_sys_hub_action_input_d3f92c160b10030085c083eb37673a7f</table>
        <value/>
    </sys_element_mapping>
    <sys_element_mapping action="INSERT_OR_UPDATE">
        <field>record</field>
        <id>c7e20293db744300346ff2b6ae9619bc</id>
        <sys_created_by>stefan.grabs</sys_created_by>
        <sys_created_on>2017-08-30 20:53:12</sys_created_on>
        <sys_id>0fe20293db744300346ff2b6ae9619bf</sys_id>
        <sys_mod_count>0</sys_mod_count>
        <sys_updated_by>stefan.grabs</sys_updated_by>
        <sys_updated_on>2017-08-30 20:53:12</sys_updated_on>
        <table>var__m_sys_hub_action_input_d3f92c160b10030085c083eb37673a7f</table>
        <value>{{2d6745fc-f045-4f5a-a8c6-32217bbd084f.Security Incident Flow Response Task}}</value>
    </sys_element_mapping>
    <sys_element_mapping action="INSERT_OR_UPDATE">
        <field>table_name</field>
        <id>c7e20293db744300346ff2b6ae9619bc</id>
        <sys_created_by>stefan.grabs</sys_created_by>
        <sys_created_on>2017-08-30 20:53:12</sys_created_on>
        <sys_id>4be20293db744300346ff2b6ae9619bf</sys_id>
        <sys_mod_count>0</sys_mod_count>
        <sys_updated_by>stefan.grabs</sys_updated_by>
        <sys_updated_on>2017-08-30 20:53:12</sys_updated_on>
        <table>var__m_sys_hub_action_input_d3f92c160b10030085c083eb37673a7f</table>
        <value/>
    </sys_element_mapping>
</record_update>
