<?xml version="1.0" encoding="UTF-8"?>
<record_update table="sys_hub_action_instance">
    <sys_hub_action_instance action="INSERT_OR_UPDATE">
        <action_inputs/>
        <action_inputs/>
        <action_type display_value="Update Record">f9d01dd2c31332002841b63b12d3aea1</action_type>
        <comment>Set state to review</comment>
        <compiled_snapshot display_value="Update Record">f9d01dd2c31332002841b63b12d3aea1</compiled_snapshot>
        <display_text/>
        <flow display_value="Security Incident - Web Defacement - Template">0a43961fdb744300346ff2b6ae961963</flow>
        <order>2.8</order>
        <parent_ui_id>b6e54237-53ef-48b3-ae01-31cf20fc1313</parent_ui_id>
        <sys_class_name>sys_hub_action_instance</sys_class_name>
        <sys_created_by>stefan.grabs</sys_created_by>
        <sys_created_on>2017-08-30 22:09:04</sys_created_on>
        <sys_id>1e44de1fdb744300346ff2b6ae961941</sys_id>
        <sys_mod_count>5</sys_mod_count>
        <sys_name/>
        <sys_package display_value="Security Operations Spoke" source="sn_sec_spoke">8ef54857dbc14300d11f77bcbf961975</sys_package>
        <sys_policy>read</sys_policy>
        <sys_scope display_value="Security Operations Spoke">8ef54857dbc14300d11f77bcbf961975</sys_scope>
        <sys_update_name>sys_hub_action_instance_1e44de1fdb744300346ff2b6ae961941</sys_update_name>
        <sys_updated_by>stefan.grabs</sys_updated_by>
        <sys_updated_on>2017-08-30 22:09:52</sys_updated_on>
        <ui_id>4852bbdb-844f-4efb-acb4-e62b7fa7d73c</ui_id>
    </sys_hub_action_instance>
    <sys_variable_value action="delete_multiple" query="document_key=1e44de1fdb744300346ff2b6ae961941"/>
    <sys_variable_value action="INSERT_OR_UPDATE">
        <document>sys_hub_action_instance</document>
        <document_key>1e44de1fdb744300346ff2b6ae961941</document_key>
        <order>100</order>
        <sys_class_name>sys_variable_value</sys_class_name>
        <sys_created_by>stefan.grabs</sys_created_by>
        <sys_created_on>2017-08-30 22:09:04</sys_created_on>
        <sys_id>1644de1fdb744300346ff2b6ae961945</sys_id>
        <sys_mod_count>0</sys_mod_count>
        <sys_updated_by>stefan.grabs</sys_updated_by>
        <sys_updated_on>2017-08-30 22:09:04</sys_updated_on>
        <value>state=100</value>
        <variable display_value="">e7d270ccc3c632002841b63b12d3ae8b</variable>
    </sys_variable_value>
    <sys_variable_value action="INSERT_OR_UPDATE">
        <document>sys_hub_action_instance</document>
        <document_key>1e44de1fdb744300346ff2b6ae961941</document_key>
        <order>50</order>
        <sys_class_name>sys_variable_value</sys_class_name>
        <sys_created_by>stefan.grabs</sys_created_by>
        <sys_created_on>2017-08-30 22:09:06</sys_created_on>
        <sys_id>8744de1fdb744300346ff2b6ae9619b8</sys_id>
        <sys_mod_count>0</sys_mod_count>
        <sys_updated_by>stefan.grabs</sys_updated_by>
        <sys_updated_on>2017-08-30 22:09:06</sys_updated_on>
        <value>sn_si_incident</value>
        <variable display_value="">b5d01916c31332002841b63b12d3aec9</variable>
    </sys_variable_value>
    <sys_variable_value action="INSERT_OR_UPDATE">
        <document>sys_hub_action_instance</document>
        <document_key>1e44de1fdb744300346ff2b6ae961941</document_key>
        <order>100</order>
        <sys_class_name>sys_variable_value</sys_class_name>
        <sys_created_by>stefan.grabs</sys_created_by>
        <sys_created_on>2017-08-30 22:09:06</sys_created_on>
        <sys_id>c344de1fdb744300346ff2b6ae9619b8</sys_id>
        <sys_mod_count>0</sys_mod_count>
        <sys_updated_by>stefan.grabs</sys_updated_by>
        <sys_updated_on>2017-08-30 22:09:06</sys_updated_on>
        <value>state=100</value>
        <variable display_value="">02d01916c31332002841b63b12d3aeee</variable>
    </sys_variable_value>
    <sys_variable_value action="INSERT_OR_UPDATE">
        <document>sys_hub_action_instance</document>
        <document_key>1e44de1fdb744300346ff2b6ae961941</document_key>
        <order>50</order>
        <sys_class_name>sys_variable_value</sys_class_name>
        <sys_created_by>stefan.grabs</sys_created_by>
        <sys_created_on>2017-08-30 22:09:04</sys_created_on>
        <sys_id>d644de1fdb744300346ff2b6ae961945</sys_id>
        <sys_mod_count>0</sys_mod_count>
        <sys_updated_by>stefan.grabs</sys_updated_by>
        <sys_updated_on>2017-08-30 22:09:04</sys_updated_on>
        <value>sn_si_incident</value>
        <variable display_value="">1fd27c8cc3c632002841b63b12d3aeb9</variable>
    </sys_variable_value>
    <sys_element_mapping action="delete_multiple" query="id=1e44de1fdb744300346ff2b6ae961941"/>
    <sys_element_mapping action="INSERT_OR_UPDATE">
        <field>record</field>
        <id>1e44de1fdb744300346ff2b6ae961941</id>
        <sys_created_by>stefan.grabs</sys_created_by>
        <sys_created_on>2017-08-30 22:09:06</sys_created_on>
        <sys_id>8f44de1fdb744300346ff2b6ae9619b7</sys_id>
        <sys_mod_count>0</sys_mod_count>
        <sys_updated_by>stefan.grabs</sys_updated_by>
        <sys_updated_on>2017-08-30 22:09:06</sys_updated_on>
        <table>var__m_sys_hub_action_input_f9d01dd2c31332002841b63b12d3aea1</table>
        <value>{{Created or Updated_1.current}}</value>
    </sys_element_mapping>
    <sys_element_mapping action="INSERT_OR_UPDATE">
        <field>record</field>
        <id>1e44de1fdb744300346ff2b6ae961941</id>
        <sys_created_by>stefan.grabs</sys_created_by>
        <sys_created_on>2017-08-30 22:09:04</sys_created_on>
        <sys_id>de44de1fdb744300346ff2b6ae961944</sys_id>
        <sys_mod_count>0</sys_mod_count>
        <sys_updated_by>stefan.grabs</sys_updated_by>
        <sys_updated_on>2017-08-30 22:09:04</sys_updated_on>
        <table>var__m_sys_hub_action_input_baf174c8c3c232002841b63b12d3aee4</table>
        <value>{{Created or Updated_1.current}}</value>
    </sys_element_mapping>
    <sys_element_mapping action="INSERT_OR_UPDATE">
        <field>table_name</field>
        <id>1e44de1fdb744300346ff2b6ae961941</id>
        <sys_created_by>stefan.grabs</sys_created_by>
        <sys_created_on>2017-08-30 22:09:04</sys_created_on>
        <sys_id>1e44de1fdb744300346ff2b6ae961944</sys_id>
        <sys_mod_count>0</sys_mod_count>
        <sys_updated_by>stefan.grabs</sys_updated_by>
        <sys_updated_on>2017-08-30 22:09:04</sys_updated_on>
        <table>var__m_sys_hub_action_input_baf174c8c3c232002841b63b12d3aee4</table>
        <value/>
    </sys_element_mapping>
    <sys_element_mapping action="INSERT_OR_UPDATE">
        <field>table_name</field>
        <id>1e44de1fdb744300346ff2b6ae961941</id>
        <sys_created_by>stefan.grabs</sys_created_by>
        <sys_created_on>2017-08-30 22:09:06</sys_created_on>
        <sys_id>cb44de1fdb744300346ff2b6ae9619b7</sys_id>
        <sys_mod_count>0</sys_mod_count>
        <sys_updated_by>stefan.grabs</sys_updated_by>
        <sys_updated_on>2017-08-30 22:09:06</sys_updated_on>
        <table>var__m_sys_hub_action_input_f9d01dd2c31332002841b63b12d3aea1</table>
        <value/>
    </sys_element_mapping>
    <sys_element_mapping action="INSERT_OR_UPDATE">
        <field>values</field>
        <id>1e44de1fdb744300346ff2b6ae961941</id>
        <sys_created_by>stefan.grabs</sys_created_by>
        <sys_created_on>2017-08-30 22:09:06</sys_created_on>
        <sys_id>4344de1fdb744300346ff2b6ae9619b8</sys_id>
        <sys_mod_count>0</sys_mod_count>
        <sys_updated_by>stefan.grabs</sys_updated_by>
        <sys_updated_on>2017-08-30 22:09:06</sys_updated_on>
        <table>var__m_sys_hub_action_input_f9d01dd2c31332002841b63b12d3aea1</table>
        <value/>
    </sys_element_mapping>
    <sys_element_mapping action="INSERT_OR_UPDATE">
        <field>values</field>
        <id>1e44de1fdb744300346ff2b6ae961941</id>
        <sys_created_by>stefan.grabs</sys_created_by>
        <sys_created_on>2017-08-30 22:09:04</sys_created_on>
        <sys_id>9244de1fdb744300346ff2b6ae961945</sys_id>
        <sys_mod_count>0</sys_mod_count>
        <sys_updated_by>stefan.grabs</sys_updated_by>
        <sys_updated_on>2017-08-30 22:09:04</sys_updated_on>
        <table>var__m_sys_hub_action_input_baf174c8c3c232002841b63b12d3aee4</table>
        <value/>
    </sys_element_mapping>
</record_update>
