<?xml version="1.0" encoding="UTF-8"?>
<record_update table="sys_hub_flow_logic">
    <sys_hub_flow_logic action="INSERT_OR_UPDATE">
        <block display_value="">76fd8a5bdb744300346ff2b6ae961996</block>
        <connected_to/>
        <display_text/>
        <flow display_value="Security Incident - Reconnaissance - Template">8af49e5fdb744300346ff2b6ae961905</flow>
        <inputs/>
        <logic_definition display_value="If">af4e1945c3e232002841b63b12d3ae3e</logic_definition>
        <order>2.3</order>
        <parent_ui_id>a7b957b6-8347-4f8c-8ed6-f48198d22084</parent_ui_id>
        <sys_class_name>sys_hub_flow_logic</sys_class_name>
        <sys_created_by>stefan.grabs</sys_created_by>
        <sys_created_on>2017-08-30 22:12:07</sys_created_on>
        <sys_id>4bf49e5fdb744300346ff2b6ae961979</sys_id>
        <sys_mod_count>3</sys_mod_count>
        <sys_name/>
        <sys_package display_value="Security Operations Spoke" source="sn_sec_spoke">8ef54857dbc14300d11f77bcbf961975</sys_package>
        <sys_policy>read</sys_policy>
        <sys_scope display_value="Security Operations Spoke">8ef54857dbc14300d11f77bcbf961975</sys_scope>
        <sys_update_name>sys_hub_flow_logic_4bf49e5fdb744300346ff2b6ae961979</sys_update_name>
        <sys_updated_by>stefan.grabs</sys_updated_by>
        <sys_updated_on>2017-08-30 22:12:11</sys_updated_on>
        <ui_id>bec9f265-a19b-41fe-86e7-68b48efa12e0</ui_id>
    </sys_hub_flow_logic>
    <sys_variable_value action="delete_multiple" query="document_key=4bf49e5fdb744300346ff2b6ae961979"/>
    <sys_variable_value action="INSERT_OR_UPDATE">
        <document>sys_hub_flow_logic</document>
        <document_key>4bf49e5fdb744300346ff2b6ae961979</document_key>
        <order>20</order>
        <sys_class_name>sys_variable_value</sys_class_name>
        <sys_created_by>stefan.grabs</sys_created_by>
        <sys_created_on>2017-08-30 22:12:07</sys_created_on>
        <sys_id>4bf49e5fdb744300346ff2b6ae96197c</sys_id>
        <sys_mod_count>0</sys_mod_count>
        <sys_updated_by>stefan.grabs</sys_updated_by>
        <sys_updated_on>2017-08-30 22:12:07</sys_updated_on>
        <value>{{d557bec2-21de-4a97-9ecc-bc912f6cdea2.Security Incident Flow Response Task.outcome}}=yes</value>
        <variable display_value="">9a5f5105c32632002841b63b12d3ae46</variable>
    </sys_variable_value>
</record_update>
