<?xml version="1.0" encoding="UTF-8"?>
<record_update table="sys_hub_flow_snapshot">
    <sys_hub_flow_snapshot action="INSERT_OR_UPDATE">
        <active>true</active>
        <description/>
        <label_cache>[{"name":"Created or Updated_1.current","label":"Trigger➛Security Incident Record","reference":"sn_si_incident","reference_display":"Security Incident","type":"reference","base_type":"reference"},{"name":"e061036e-7ffe-4de9-ab1b-e0150c361d8f.Record","label":"1➛Record","reference":"task","reference_display":"Record"},{"name":"e061036e-7ffe-4de9-ab1b-e0150c361d8f.Record.outcome","label":"1➛Security Incident Response Task Record➛Outcome","reference":"","reference_display":"Outcome","type":"choice","base_type":"choice","parent_table_name":"sn_si_task","column_name":"outcome"},{"name":"e061036e-7ffe-4de9-ab1b-e0150c361d8f.Table","label":"1➛Table","reference_display":"Table"},{"name":"150a723d-39e1-4291-9579-827dcf91c78c.Table","label":"2.1➛Table","reference_display":"Table"},{"name":"150a723d-39e1-4291-9579-827dcf91c78c.Record","label":"2.1➛Record","reference":"task","reference_display":"Record"},{"name":"66a8d3f4-50d5-4b5b-a3cf-7788cb4ebfad.Table","label":"2.1➛Table","reference_display":"Table"},{"name":"66a8d3f4-50d5-4b5b-a3cf-7788cb4ebfad.Record","label":"2.1➛Record","reference":"task","reference_display":"Record"},{"name":"f0506525-6a48-4253-96f1-b4427d183033.Table","label":"2.3➛Table","reference_display":"Table"},{"name":"f0506525-6a48-4253-96f1-b4427d183033.Record","label":"2.3➛Record","reference":"task","reference_display":"Record"},{"name":"84a1e137-b0bc-490c-8e74-f088025b9d62.Table","label":"2.4➛Table","reference_display":"Table"},{"name":"84a1e137-b0bc-490c-8e74-f088025b9d62.Record","label":"2.4➛Record","reference":"task","reference_display":"Record"},{"name":"de84ead3-e3e8-4461-907d-d07ecf0f948b.Table","label":"2.5➛Table","reference_display":"Table"},{"name":"de84ead3-e3e8-4461-907d-d07ecf0f948b.Record","label":"2.5➛Record","reference":"task","reference_display":"Record"},{"name":"fa2d408d-1feb-48df-b17b-b2262e652792.record","label":"2.6➛Security Incident Record","reference":"sn_si_incident","reference_display":"Security Incident Record"},{"name":"fa2d408d-1feb-48df-b17b-b2262e652792.table_name","label":"2.6➛Security Incident Table","reference":"sn_si_incident","reference_display":"Security Incident Table"},{"name":"b296c729-6116-4137-8a55-b6315e70681a.Security Incident Flow Response Task.outcome","label":"1➛Security Incident Flow Response Task➛Outcome","reference":"","reference_display":"Outcome","type":"choice","base_type":"choice","parent_table_name":"sn_si_task","column_name":"outcome"}]</label_cache>
        <name>Security Incident - Confidential Data Exposure - Template</name>
        <parent_flow display_value="Security Incident - Confidential Data Exposure - Template">ed6f8715dbf04300346ff2b6ae9619ec</parent_flow>
        <status>published</status>
        <sys_class_name>sys_hub_flow_snapshot</sys_class_name>
        <sys_created_by>stefan.grabs</sys_created_by>
        <sys_created_on>2017-08-30 22:14:15</sys_created_on>
        <sys_id>9e75da9fdb744300346ff2b6ae961923</sys_id>
        <sys_mod_count>0</sys_mod_count>
        <sys_name>Security Incident - Confidential Data Exposure - Template</sys_name>
        <sys_package display_value="Security Operations Spoke" source="sn_sec_spoke">8ef54857dbc14300d11f77bcbf961975</sys_package>
        <sys_policy>read</sys_policy>
        <sys_scope display_value="Security Operations Spoke">8ef54857dbc14300d11f77bcbf961975</sys_scope>
        <sys_update_name>sys_hub_flow_snapshot_9e75da9fdb744300346ff2b6ae961923</sys_update_name>
        <sys_updated_by>stefan.grabs</sys_updated_by>
        <sys_updated_on>2017-08-30 22:14:15</sys_updated_on>
    </sys_hub_flow_snapshot>
</record_update>
