<?xml version="1.0" encoding="UTF-8"?>
<record_update table="sys_hub_action_instance">
    <sys_hub_action_instance action="INSERT_OR_UPDATE">
        <action_inputs/>
        <action_inputs/>
        <action_type display_value="Wait For Condition">d3f92c160b10030085c083eb37673a7f</action_type>
        <comment>Wait for: Law Enforcement Process</comment>
        <compiled_snapshot display_value="Wait For Condition">d3f92c160b10030085c083eb37673a7f</compiled_snapshot>
        <display_text/>
        <flow display_value="Security Incident - Web Defacement - Template">0a43961fdb744300346ff2b6ae961963</flow>
        <order>2.7</order>
        <parent_ui_id>b6e54237-53ef-48b3-ae01-31cf20fc1313</parent_ui_id>
        <sys_class_name>sys_hub_action_instance</sys_class_name>
        <sys_created_by>stefan.grabs</sys_created_by>
        <sys_created_on>2017-08-30 22:09:03</sys_created_on>
        <sys_id>5a44de1fdb744300346ff2b6ae961939</sys_id>
        <sys_mod_count>3</sys_mod_count>
        <sys_name/>
        <sys_package display_value="Security Operations Spoke" source="sn_sec_spoke">8ef54857dbc14300d11f77bcbf961975</sys_package>
        <sys_policy>read</sys_policy>
        <sys_scope display_value="Security Operations Spoke">8ef54857dbc14300d11f77bcbf961975</sys_scope>
        <sys_update_name>sys_hub_action_instance_5a44de1fdb744300346ff2b6ae961939</sys_update_name>
        <sys_updated_by>stefan.grabs</sys_updated_by>
        <sys_updated_on>2017-08-30 22:09:52</sys_updated_on>
        <ui_id>7c4f7b69-b183-4cc1-9da3-bb1d007f87c3</ui_id>
    </sys_hub_action_instance>
    <sys_variable_value action="delete_multiple" query="document_key=5a44de1fdb744300346ff2b6ae961939"/>
    <sys_variable_value action="INSERT_OR_UPDATE">
        <document>sys_hub_action_instance</document>
        <document_key>5a44de1fdb744300346ff2b6ae961939</document_key>
        <order>2</order>
        <sys_class_name>sys_variable_value</sys_class_name>
        <sys_created_by>stefan.grabs</sys_created_by>
        <sys_created_on>2017-08-30 22:09:03</sys_created_on>
        <sys_id>1244de1fdb744300346ff2b6ae96193d</sys_id>
        <sys_mod_count>0</sys_mod_count>
        <sys_updated_by>stefan.grabs</sys_updated_by>
        <sys_updated_on>2017-08-30 22:09:03</sys_updated_on>
        <value>active=false</value>
        <variable display_value="">5ff92c160b10030085c083eb37673ac1</variable>
    </sys_variable_value>
    <sys_variable_value action="INSERT_OR_UPDATE">
        <document>sys_hub_action_instance</document>
        <document_key>5a44de1fdb744300346ff2b6ae961939</document_key>
        <order>1</order>
        <sys_class_name>sys_variable_value</sys_class_name>
        <sys_created_by>stefan.grabs</sys_created_by>
        <sys_created_on>2017-08-30 22:09:03</sys_created_on>
        <sys_id>d244de1fdb744300346ff2b6ae96193d</sys_id>
        <sys_mod_count>0</sys_mod_count>
        <sys_updated_by>stefan.grabs</sys_updated_by>
        <sys_updated_on>2017-08-30 22:09:03</sys_updated_on>
        <value>sn_si_task</value>
        <variable display_value="">1ff92c160b10030085c083eb37673a81</variable>
    </sys_variable_value>
    <sys_element_mapping action="delete_multiple" query="id=5a44de1fdb744300346ff2b6ae961939"/>
    <sys_element_mapping action="INSERT_OR_UPDATE">
        <field>conditions</field>
        <id>5a44de1fdb744300346ff2b6ae961939</id>
        <sys_created_by>stefan.grabs</sys_created_by>
        <sys_created_on>2017-08-30 22:09:03</sys_created_on>
        <sys_id>1a44de1fdb744300346ff2b6ae96193c</sys_id>
        <sys_mod_count>0</sys_mod_count>
        <sys_updated_by>stefan.grabs</sys_updated_by>
        <sys_updated_on>2017-08-30 22:09:03</sys_updated_on>
        <table>var__m_sys_hub_action_input_d3f92c160b10030085c083eb37673a7f</table>
        <value/>
    </sys_element_mapping>
    <sys_element_mapping action="INSERT_OR_UPDATE">
        <field>record</field>
        <id>5a44de1fdb744300346ff2b6ae961939</id>
        <sys_created_by>stefan.grabs</sys_created_by>
        <sys_created_on>2017-08-30 22:09:03</sys_created_on>
        <sys_id>9e44de1fdb744300346ff2b6ae96193c</sys_id>
        <sys_mod_count>0</sys_mod_count>
        <sys_updated_by>stefan.grabs</sys_updated_by>
        <sys_updated_on>2017-08-30 22:09:03</sys_updated_on>
        <table>var__m_sys_hub_action_input_d3f92c160b10030085c083eb37673a7f</table>
        <value>{{24c146f1-0778-4484-96fa-d2dac1328d97.Security Incident Flow Response Task}}</value>
    </sys_element_mapping>
    <sys_element_mapping action="INSERT_OR_UPDATE">
        <field>table_name</field>
        <id>5a44de1fdb744300346ff2b6ae961939</id>
        <sys_created_by>stefan.grabs</sys_created_by>
        <sys_created_on>2017-08-30 22:09:03</sys_created_on>
        <sys_id>da44de1fdb744300346ff2b6ae96193c</sys_id>
        <sys_mod_count>0</sys_mod_count>
        <sys_updated_by>stefan.grabs</sys_updated_by>
        <sys_updated_on>2017-08-30 22:09:03</sys_updated_on>
        <table>var__m_sys_hub_action_input_d3f92c160b10030085c083eb37673a7f</table>
        <value/>
    </sys_element_mapping>
</record_update>
