<?xml version="1.0" encoding="UTF-8"?>
<record_update table="sys_hub_flow_snapshot">
    <sys_hub_flow_snapshot action="INSERT_OR_UPDATE">
        <active>true</active>
        <description/>
        <label_cache>[{"name":"1ec4732e-ee1f-46e0-9f21-01a076963b60.Security Incident Flow Response Task","label":"2.2➛Security Incident Flow Response Task","reference":"sn_si_task","reference_display":"Security Incident Response Task","type":"document_id","base_type":"document_id"},{"name":"8730356f-468e-4b43-ac2f-ab3ef77adb1a.Security Incident Flow Response Task","label":"2.1➛Security Incident Flow Response Task","reference":"sn_si_task","reference_display":"Security Incident Response Task","type":"document_id","base_type":"document_id"},{"name":"7a566e32-7796-4ce2-b6ea-e9e4801cfa62.Security Incident Flow Response Task.outcome","label":"2.3➛Security Incident Flow Response Task➛Outcome","reference":"","reference_display":"Outcome","type":"choice","base_type":"choice","parent_table_name":"sn_si_task","column_name":"outcome"},{"name":"bdd1062a-c14c-4911-9852-69454dfd1788.Security Incident Flow Response Task.outcome","label":"1➛Security Incident Flow Response Task➛Outcome","reference":"","reference_display":"Outcome","type":"choice","base_type":"choice","parent_table_name":"sn_si_task","column_name":"outcome"},{"name":"Created or Updated_1.current","label":"Trigger➛Security Incident Record","reference":"sn_si_incident","reference_display":"Security Incident","type":"reference","base_type":"reference"}]</label_cache>
        <name>Security Incident - Phishing - Template</name>
        <parent_flow display_value="Security Incident - Phishing - Template">69ca4ed7db744300346ff2b6ae961927</parent_flow>
        <status>published</status>
        <sys_class_name>sys_hub_flow_snapshot</sys_class_name>
        <sys_created_by>stefan.grabs</sys_created_by>
        <sys_created_on>2017-08-30 22:12:47</sys_created_on>
        <sys_id>f825929fdb744300346ff2b6ae961972</sys_id>
        <sys_mod_count>0</sys_mod_count>
        <sys_name>Security Incident - Phishing - Template</sys_name>
        <sys_package display_value="Security Operations Spoke" source="sn_sec_spoke">8ef54857dbc14300d11f77bcbf961975</sys_package>
        <sys_policy>read</sys_policy>
        <sys_scope display_value="Security Operations Spoke">8ef54857dbc14300d11f77bcbf961975</sys_scope>
        <sys_update_name>sys_hub_flow_snapshot_f825929fdb744300346ff2b6ae961972</sys_update_name>
        <sys_updated_by>stefan.grabs</sys_updated_by>
        <sys_updated_on>2017-08-30 22:12:47</sys_updated_on>
    </sys_hub_flow_snapshot>
</record_update>
