<?xml version="1.0" encoding="UTF-8"?>
<record_update table="sys_hub_action_instance">
    <sys_hub_action_instance action="INSERT_OR_UPDATE">
        <action_inputs/>
        <action_inputs/>
        <action_type display_value="Security Incident Flow Response Task">8c19ca97db744300346ff2b6ae96190b</action_type>
        <comment>Contact user and determine intent</comment>
        <compiled_snapshot display_value="Security Incident Flow Response Task">8c19ca97db744300346ff2b6ae96190b</compiled_snapshot>
        <display_text/>
        <flow display_value="Security Incident - Unauthorized Access - Template">6d84165fdb744300346ff2b6ae961966</flow>
        <order>2.1</order>
        <parent_ui_id>b2deb2da-7a11-4202-9532-38d415aaaa20</parent_ui_id>
        <sys_class_name>sys_hub_action_instance</sys_class_name>
        <sys_created_by>stefan.grabs</sys_created_by>
        <sys_created_on>2017-08-30 22:10:07</sys_created_on>
        <sys_id>b584165fdb744300346ff2b6ae961977</sys_id>
        <sys_mod_count>3</sys_mod_count>
        <sys_name/>
        <sys_package display_value="Security Operations Spoke" source="sn_sec_spoke">8ef54857dbc14300d11f77bcbf961975</sys_package>
        <sys_policy>read</sys_policy>
        <sys_scope display_value="Security Operations Spoke">8ef54857dbc14300d11f77bcbf961975</sys_scope>
        <sys_update_name>sys_hub_action_instance_b584165fdb744300346ff2b6ae961977</sys_update_name>
        <sys_updated_by>stefan.grabs</sys_updated_by>
        <sys_updated_on>2017-08-30 22:10:14</sys_updated_on>
        <ui_id>bd43049b-8ae6-42f7-8677-76a03c8d53ec</ui_id>
    </sys_hub_action_instance>
    <sys_variable_value action="delete_multiple" query="document_key=b584165fdb744300346ff2b6ae961977"/>
    <sys_variable_value action="INSERT_OR_UPDATE">
        <document>sys_hub_action_instance</document>
        <document_key>b584165fdb744300346ff2b6ae961977</document_key>
        <order>3</order>
        <sys_class_name>sys_variable_value</sys_class_name>
        <sys_created_by>stefan.grabs</sys_created_by>
        <sys_created_on>2017-08-30 22:10:07</sys_created_on>
        <sys_id>7d84165fdb744300346ff2b6ae9619ac</sys_id>
        <sys_mod_count>0</sys_mod_count>
        <sys_updated_by>stefan.grabs</sys_updated_by>
        <sys_updated_on>2017-08-30 22:10:07</sys_updated_on>
        <value>1</value>
        <variable display_value="">e019ca97db744300346ff2b6ae96194b</variable>
    </sys_variable_value>
    <sys_variable_value action="INSERT_OR_UPDATE">
        <document>sys_hub_action_instance</document>
        <document_key>b584165fdb744300346ff2b6ae961977</document_key>
        <order>1</order>
        <sys_class_name>sys_variable_value</sys_class_name>
        <sys_created_by>stefan.grabs</sys_created_by>
        <sys_created_on>2017-08-30 22:10:07</sys_created_on>
        <sys_id>b984165fdb744300346ff2b6ae9619ac</sys_id>
        <sys_mod_count>0</sys_mod_count>
        <sys_updated_by>stefan.grabs</sys_updated_by>
        <sys_updated_on>2017-08-30 22:10:07</sys_updated_on>
        <value>Contact user and determine intent</value>
        <variable display_value="">cc19ca97db744300346ff2b6ae961927</variable>
    </sys_variable_value>
    <sys_element_mapping action="delete_multiple" query="id=b584165fdb744300346ff2b6ae961977"/>
    <sys_element_mapping action="INSERT_OR_UPDATE">
        <field>ah_parent_task</field>
        <id>b584165fdb744300346ff2b6ae961977</id>
        <sys_created_by>stefan.grabs</sys_created_by>
        <sys_created_on>2017-08-30 22:10:07</sys_created_on>
        <sys_id>b184165fdb744300346ff2b6ae9619ac</sys_id>
        <sys_mod_count>0</sys_mod_count>
        <sys_updated_by>stefan.grabs</sys_updated_by>
        <sys_updated_on>2017-08-30 22:10:07</sys_updated_on>
        <table>var__m_sys_hub_action_input_8c19ca97db744300346ff2b6ae96190b</table>
        <value>{{Created or Updated_1.current}}</value>
    </sys_element_mapping>
    <sys_element_mapping action="INSERT_OR_UPDATE">
        <field>ah_short_description</field>
        <id>b584165fdb744300346ff2b6ae961977</id>
        <sys_created_by>stefan.grabs</sys_created_by>
        <sys_created_on>2017-08-30 22:10:07</sys_created_on>
        <sys_id>3984165fdb744300346ff2b6ae9619ac</sys_id>
        <sys_mod_count>0</sys_mod_count>
        <sys_updated_by>stefan.grabs</sys_updated_by>
        <sys_updated_on>2017-08-30 22:10:07</sys_updated_on>
        <table>var__m_sys_hub_action_input_8c19ca97db744300346ff2b6ae96190b</table>
        <value/>
    </sys_element_mapping>
    <sys_element_mapping action="INSERT_OR_UPDATE">
        <field>ah_wait_for_completion</field>
        <id>b584165fdb744300346ff2b6ae961977</id>
        <sys_created_by>stefan.grabs</sys_created_by>
        <sys_created_on>2017-08-30 22:10:07</sys_created_on>
        <sys_id>7584165fdb744300346ff2b6ae9619ac</sys_id>
        <sys_mod_count>0</sys_mod_count>
        <sys_updated_by>stefan.grabs</sys_updated_by>
        <sys_updated_on>2017-08-30 22:10:07</sys_updated_on>
        <table>var__m_sys_hub_action_input_8c19ca97db744300346ff2b6ae96190b</table>
        <value/>
    </sys_element_mapping>
</record_update>
