<?xml version="1.0" encoding="UTF-8"?>
<record_update table="sys_hub_action_instance">
    <sys_hub_action_instance action="INSERT_OR_UPDATE">
        <action_inputs/>
        <action_inputs/>
        <action_type display_value="Security Incident Flow Response Task">16af79dfdb344300346ff2b6ae9619a3</action_type>
        <comment>Remove Malware -Success?</comment>
        <compiled_snapshot/>
        <display_text/>
        <flow display_value="Security Incident - Malicious Software - Template">03430a93db744300346ff2b6ae9619b8</flow>
        <order>2.1</order>
        <parent_ui_id>f904580a-51dc-4eb9-b147-b496ac3616b2</parent_ui_id>
        <sys_class_name>sys_hub_action_instance</sys_class_name>
        <sys_created_by>stefan.grabs</sys_created_by>
        <sys_created_on>2017-08-30 20:54:51</sys_created_on>
        <sys_id>1b430a93db744300346ff2b6ae9619d5</sys_id>
        <sys_mod_count>2</sys_mod_count>
        <sys_name/>
        <sys_package display_value="Security Operations Spoke" source="sn_sec_spoke">8ef54857dbc14300d11f77bcbf961975</sys_package>
        <sys_policy>read</sys_policy>
        <sys_scope display_value="Security Operations Spoke">8ef54857dbc14300d11f77bcbf961975</sys_scope>
        <sys_update_name>sys_hub_action_instance_1b430a93db744300346ff2b6ae9619d5</sys_update_name>
        <sys_updated_by>stefan.grabs</sys_updated_by>
        <sys_updated_on>2017-08-30 20:54:51</sys_updated_on>
        <ui_id>1841c3ae-9716-43ca-9dac-7be96578c1e2</ui_id>
    </sys_hub_action_instance>
    <sys_variable_value action="delete_multiple" query="document_key=1b430a93db744300346ff2b6ae9619d5"/>
    <sys_variable_value action="INSERT_OR_UPDATE">
        <document>sys_hub_action_instance</document>
        <document_key>1b430a93db744300346ff2b6ae9619d5</document_key>
        <order>3</order>
        <sys_class_name>sys_variable_value</sys_class_name>
        <sys_created_by>stefan.grabs</sys_created_by>
        <sys_created_on>2017-08-30 20:54:51</sys_created_on>
        <sys_id>5b430a93db744300346ff2b6ae9619d9</sys_id>
        <sys_mod_count>0</sys_mod_count>
        <sys_updated_by>stefan.grabs</sys_updated_by>
        <sys_updated_on>2017-08-30 20:54:51</sys_updated_on>
        <value>1</value>
        <variable display_value="">66af79dfdb344300346ff2b6ae9619d5</variable>
    </sys_variable_value>
    <sys_variable_value action="INSERT_OR_UPDATE">
        <document>sys_hub_action_instance</document>
        <document_key>1b430a93db744300346ff2b6ae9619d5</document_key>
        <order>2</order>
        <sys_class_name>sys_variable_value</sys_class_name>
        <sys_created_by>stefan.grabs</sys_created_by>
        <sys_created_on>2017-08-30 20:54:51</sys_created_on>
        <sys_id>97430a93db744300346ff2b6ae9619d9</sys_id>
        <sys_mod_count>0</sys_mod_count>
        <sys_updated_by>stefan.grabs</sys_updated_by>
        <sys_updated_on>2017-08-30 20:54:51</sys_updated_on>
        <value>1</value>
        <variable display_value="">a2af79dfdb344300346ff2b6ae9619ca</variable>
    </sys_variable_value>
    <sys_variable_value action="INSERT_OR_UPDATE">
        <document>sys_hub_action_instance</document>
        <document_key>1b430a93db744300346ff2b6ae9619d5</document_key>
        <order>1</order>
        <sys_class_name>sys_variable_value</sys_class_name>
        <sys_created_by>stefan.grabs</sys_created_by>
        <sys_created_on>2017-08-30 20:54:51</sys_created_on>
        <sys_id>d3430a93db744300346ff2b6ae9619d9</sys_id>
        <sys_mod_count>0</sys_mod_count>
        <sys_updated_by>stefan.grabs</sys_updated_by>
        <sys_updated_on>2017-08-30 20:54:51</sys_updated_on>
        <value>Remove Malware -Success?</value>
        <variable display_value="">9eaf79dfdb344300346ff2b6ae9619be</variable>
    </sys_variable_value>
    <sys_element_mapping action="delete_multiple" query="id=1b430a93db744300346ff2b6ae9619d5"/>
    <sys_element_mapping action="INSERT_OR_UPDATE">
        <field>ah_is_outcome_driven_</field>
        <id>1b430a93db744300346ff2b6ae9619d5</id>
        <sys_created_by>stefan.grabs</sys_created_by>
        <sys_created_on>2017-08-30 20:54:51</sys_created_on>
        <sys_id>db430a93db744300346ff2b6ae9619d8</sys_id>
        <sys_mod_count>0</sys_mod_count>
        <sys_updated_by>stefan.grabs</sys_updated_by>
        <sys_updated_on>2017-08-30 20:54:51</sys_updated_on>
        <table>var__m_sys_hub_action_input_16af79dfdb344300346ff2b6ae9619a3</table>
        <value/>
    </sys_element_mapping>
    <sys_element_mapping action="INSERT_OR_UPDATE">
        <field>ah_parent_task</field>
        <id>1b430a93db744300346ff2b6ae9619d5</id>
        <sys_created_by>stefan.grabs</sys_created_by>
        <sys_created_on>2017-08-30 20:54:51</sys_created_on>
        <sys_id>1b430a93db744300346ff2b6ae9619d8</sys_id>
        <sys_mod_count>0</sys_mod_count>
        <sys_updated_by>stefan.grabs</sys_updated_by>
        <sys_updated_on>2017-08-30 20:54:51</sys_updated_on>
        <table>var__m_sys_hub_action_input_16af79dfdb344300346ff2b6ae9619a3</table>
        <value>{{Created or Updated_1.current}}</value>
    </sys_element_mapping>
    <sys_element_mapping action="INSERT_OR_UPDATE">
        <field>ah_short_description</field>
        <id>1b430a93db744300346ff2b6ae9619d5</id>
        <sys_created_by>stefan.grabs</sys_created_by>
        <sys_created_on>2017-08-30 20:54:51</sys_created_on>
        <sys_id>53430a93db744300346ff2b6ae9619d9</sys_id>
        <sys_mod_count>0</sys_mod_count>
        <sys_updated_by>stefan.grabs</sys_updated_by>
        <sys_updated_on>2017-08-30 20:54:51</sys_updated_on>
        <table>var__m_sys_hub_action_input_16af79dfdb344300346ff2b6ae9619a3</table>
        <value/>
    </sys_element_mapping>
    <sys_element_mapping action="INSERT_OR_UPDATE">
        <field>ah_wait_for_completion</field>
        <id>1b430a93db744300346ff2b6ae9619d5</id>
        <sys_created_by>stefan.grabs</sys_created_by>
        <sys_created_on>2017-08-30 20:54:51</sys_created_on>
        <sys_id>9f430a93db744300346ff2b6ae9619d8</sys_id>
        <sys_mod_count>0</sys_mod_count>
        <sys_updated_by>stefan.grabs</sys_updated_by>
        <sys_updated_on>2017-08-30 20:54:51</sys_updated_on>
        <table>var__m_sys_hub_action_input_16af79dfdb344300346ff2b6ae9619a3</table>
        <value/>
    </sys_element_mapping>
</record_update>
