<?xml version="1.0" encoding="UTF-8"?>
<record_update table="sys_flow_record_trigger">
  <sys_flow_record_trigger action="INSERT_OR_UPDATE">
    <active>false</active>
    <condition table="sn_si_incident">categoryCHANGESTOReconnaissance activity^EQ<item endquery="false" field="category" goto="false" newquery="false" operator="CHANGESTO" or="false" value="Reconnaissance activity"/>
      <item endquery="true" field="" goto="false" newquery="false" operator="=" or="false" value=""/>
    </condition>
    <name/>
    <on_delete>false</on_delete>
    <on_insert>true</on_insert>
    <on_update>true</on_update>
    <sys_class_name>sys_flow_record_trigger</sys_class_name>
    <sys_created_by>stefan.grabs</sys_created_by>
    <sys_created_on>2017-08-30 22:12:09</sys_created_on>
    <sys_id>eff49e5fdb744300346ff2b6ae9619af</sys_id>
    <sys_mod_count>2</sys_mod_count>
    <sys_name/>
    <sys_package display_value="Security Operations Spoke" source="sn_sec_spoke">8ef54857dbc14300d11f77bcbf961975</sys_package>
    <sys_policy>read</sys_policy>
    <sys_scope display_value="Security Operations Spoke">8ef54857dbc14300d11f77bcbf961975</sys_scope>
    <sys_update_name>sys_flow_record_trigger_eff49e5fdb744300346ff2b6ae9619af</sys_update_name>
    <sys_updated_by>admin</sys_updated_by>
    <sys_updated_on>2017-09-21 16:52:45</sys_updated_on>
    <table>sn_si_incident</table>
  </sys_flow_record_trigger>
</record_update>
