<?xml version="1.0" encoding="UTF-8"?>
<record_update table="sys_hub_action_instance">
    <sys_hub_action_instance action="INSERT_OR_UPDATE">
        <action_inputs/>
        <action_inputs/>
        <action_type display_value="Security Incident Flow Response Task">8c19ca97db744300346ff2b6ae96190b</action_type>
        <comment>Create potential data loss incident</comment>
        <compiled_snapshot display_value="Security Incident Flow Response Task">8c19ca97db744300346ff2b6ae96190b</compiled_snapshot>
        <display_text/>
        <flow display_value="Security Incident - Lost Equipment - Template">ce1b351fdb344300346ff2b6ae9619df</flow>
        <order>2.2.1</order>
        <parent_ui_id>1149e44d-89d4-45fb-91f4-98e4198153f8</parent_ui_id>
        <sys_class_name>sys_hub_action_instance</sys_class_name>
        <sys_created_by>stefan.grabs</sys_created_by>
        <sys_created_on>2017-08-30 20:34:51</sys_created_on>
        <sys_id>c6bef59fdb344300346ff2b6ae96192e</sys_id>
        <sys_mod_count>11</sys_mod_count>
        <sys_name/>
        <sys_package display_value="Security Operations Spoke" source="sn_sec_spoke">8ef54857dbc14300d11f77bcbf961975</sys_package>
        <sys_policy>read</sys_policy>
        <sys_scope display_value="Security Operations Spoke">8ef54857dbc14300d11f77bcbf961975</sys_scope>
        <sys_update_name>sys_hub_action_instance_c6bef59fdb344300346ff2b6ae96192e</sys_update_name>
        <sys_updated_by>stefan.grabs</sys_updated_by>
        <sys_updated_on>2017-08-30 22:13:52</sys_updated_on>
        <ui_id>b386a553-b539-4636-86ad-6cf6ceb6006a</ui_id>
    </sys_hub_action_instance>
    <sys_variable_value action="delete_multiple" query="document_key=c6bef59fdb344300346ff2b6ae96192e"/>
    <sys_variable_value action="INSERT_OR_UPDATE">
        <document>sys_hub_action_instance</document>
        <document_key>c6bef59fdb344300346ff2b6ae96192e</document_key>
        <order>3</order>
        <sys_class_name>sys_variable_value</sys_class_name>
        <sys_created_by>stefan.grabs</sys_created_by>
        <sys_created_on>2017-08-30 20:34:51</sys_created_on>
        <sys_id>12bef59fdb344300346ff2b6ae961932</sys_id>
        <sys_mod_count>0</sys_mod_count>
        <sys_updated_by>stefan.grabs</sys_updated_by>
        <sys_updated_on>2017-08-30 20:34:51</sys_updated_on>
        <value>1</value>
        <variable display_value="">569af11fdb344300346ff2b6ae961991</variable>
    </sys_variable_value>
    <sys_variable_value action="INSERT_OR_UPDATE">
        <document>sys_hub_action_instance</document>
        <document_key>c6bef59fdb344300346ff2b6ae96192e</document_key>
        <order>1</order>
        <sys_class_name>sys_variable_value</sys_class_name>
        <sys_created_by>stefan.grabs</sys_created_by>
        <sys_created_on>2017-08-30 20:34:51</sys_created_on>
        <sys_id>5ebef59fdb344300346ff2b6ae961931</sys_id>
        <sys_mod_count>0</sys_mod_count>
        <sys_updated_by>stefan.grabs</sys_updated_by>
        <sys_updated_on>2017-08-30 20:34:51</sys_updated_on>
        <value>Create potential data loss incident</value>
        <variable display_value="">c69af11fdb344300346ff2b6ae96196e</variable>
    </sys_variable_value>
    <sys_variable_value action="INSERT_OR_UPDATE">
        <document>sys_hub_action_instance</document>
        <document_key>c6bef59fdb344300346ff2b6ae96192e</document_key>
        <order>3</order>
        <sys_class_name>sys_variable_value</sys_class_name>
        <sys_created_by>stefan.grabs</sys_created_by>
        <sys_created_on>2017-08-30 20:34:53</sys_created_on>
        <sys_id>7abef59fdb344300346ff2b6ae96199b</sys_id>
        <sys_mod_count>0</sys_mod_count>
        <sys_updated_by>stefan.grabs</sys_updated_by>
        <sys_updated_on>2017-08-30 20:34:53</sys_updated_on>
        <value>1</value>
        <variable display_value="">39ccf55fdb344300346ff2b6ae9619f8</variable>
    </sys_variable_value>
    <sys_variable_value action="INSERT_OR_UPDATE">
        <document>sys_hub_action_instance</document>
        <document_key>c6bef59fdb344300346ff2b6ae96192e</document_key>
        <order>3</order>
        <sys_class_name>sys_variable_value</sys_class_name>
        <sys_created_by>stefan.grabs</sys_created_by>
        <sys_created_on>2017-08-30 20:39:07</sys_created_on>
        <sys_id>7cbfb9dfdb344300346ff2b6ae96199c</sys_id>
        <sys_mod_count>0</sys_mod_count>
        <sys_updated_by>stefan.grabs</sys_updated_by>
        <sys_updated_on>2017-08-30 20:39:07</sys_updated_on>
        <value>1</value>
        <variable display_value="">66af79dfdb344300346ff2b6ae9619d5</variable>
    </sys_variable_value>
    <sys_variable_value action="INSERT_OR_UPDATE">
        <document>sys_hub_action_instance</document>
        <document_key>c6bef59fdb344300346ff2b6ae96192e</document_key>
        <order>3</order>
        <sys_class_name>sys_variable_value</sys_class_name>
        <sys_created_by>stefan.grabs</sys_created_by>
        <sys_created_on>2017-08-30 21:22:31</sys_created_on>
        <sys_id>a8a9c2d7db744300346ff2b6ae9619c8</sys_id>
        <sys_mod_count>0</sys_mod_count>
        <sys_updated_by>stefan.grabs</sys_updated_by>
        <sys_updated_on>2017-08-30 21:22:31</sys_updated_on>
        <value>1</value>
        <variable display_value="">e019ca97db744300346ff2b6ae96194b</variable>
    </sys_variable_value>
    <sys_variable_value action="INSERT_OR_UPDATE">
        <document>sys_hub_action_instance</document>
        <document_key>c6bef59fdb344300346ff2b6ae96192e</document_key>
        <order>1</order>
        <sys_class_name>sys_variable_value</sys_class_name>
        <sys_created_by>stefan.grabs</sys_created_by>
        <sys_created_on>2017-08-30 20:34:53</sys_created_on>
        <sys_id>b6bef59fdb344300346ff2b6ae96199b</sys_id>
        <sys_mod_count>0</sys_mod_count>
        <sys_updated_by>stefan.grabs</sys_updated_by>
        <sys_updated_on>2017-08-30 20:34:53</sys_updated_on>
        <value>Create potential data loss incident</value>
        <variable display_value="">61ccf55fdb344300346ff2b6ae9619e2</variable>
    </sys_variable_value>
    <sys_variable_value action="INSERT_OR_UPDATE">
        <document>sys_hub_action_instance</document>
        <document_key>c6bef59fdb344300346ff2b6ae96192e</document_key>
        <order>1</order>
        <sys_class_name>sys_variable_value</sys_class_name>
        <sys_created_by>stefan.grabs</sys_created_by>
        <sys_created_on>2017-08-30 20:39:07</sys_created_on>
        <sys_id>b8bfb9dfdb344300346ff2b6ae96199c</sys_id>
        <sys_mod_count>0</sys_mod_count>
        <sys_updated_by>stefan.grabs</sys_updated_by>
        <sys_updated_on>2017-08-30 20:39:07</sys_updated_on>
        <value>Create potential data loss incident</value>
        <variable display_value="">9eaf79dfdb344300346ff2b6ae9619be</variable>
    </sys_variable_value>
    <sys_variable_value action="INSERT_OR_UPDATE">
        <document>sys_hub_action_instance</document>
        <document_key>c6bef59fdb344300346ff2b6ae96192e</document_key>
        <order>1</order>
        <sys_class_name>sys_variable_value</sys_class_name>
        <sys_created_by>stefan.grabs</sys_created_by>
        <sys_created_on>2017-08-30 21:22:31</sys_created_on>
        <sys_id>e4a9c2d7db744300346ff2b6ae9619c8</sys_id>
        <sys_mod_count>0</sys_mod_count>
        <sys_updated_by>stefan.grabs</sys_updated_by>
        <sys_updated_on>2017-08-30 21:22:31</sys_updated_on>
        <value>Create potential data loss incident</value>
        <variable display_value="">cc19ca97db744300346ff2b6ae961927</variable>
    </sys_variable_value>
    <sys_element_mapping action="delete_multiple" query="id=c6bef59fdb344300346ff2b6ae96192e"/>
    <sys_element_mapping action="INSERT_OR_UPDATE">
        <field>ah_parent_task</field>
        <id>c6bef59fdb344300346ff2b6ae96192e</id>
        <sys_created_by>stefan.grabs</sys_created_by>
        <sys_created_on>2017-08-30 20:34:51</sys_created_on>
        <sys_id>46bef59fdb344300346ff2b6ae961931</sys_id>
        <sys_mod_count>0</sys_mod_count>
        <sys_updated_by>stefan.grabs</sys_updated_by>
        <sys_updated_on>2017-08-30 20:34:51</sys_updated_on>
        <table>var__m_sys_hub_action_input_f5a8b1dbdb344300346ff2b6ae96190a</table>
        <value>{{Created or Updated_1.current}}</value>
    </sys_element_mapping>
    <sys_element_mapping action="INSERT_OR_UPDATE">
        <field>ah_parent_task</field>
        <id>c6bef59fdb344300346ff2b6ae96192e</id>
        <sys_created_by>stefan.grabs</sys_created_by>
        <sys_created_on>2017-08-30 20:39:07</sys_created_on>
        <sys_id>b0bfb9dfdb344300346ff2b6ae96199c</sys_id>
        <sys_mod_count>0</sys_mod_count>
        <sys_updated_by>stefan.grabs</sys_updated_by>
        <sys_updated_on>2017-08-30 20:39:07</sys_updated_on>
        <table>var__m_sys_hub_action_input_16af79dfdb344300346ff2b6ae9619a3</table>
        <value>{{Created or Updated_1.current}}</value>
    </sys_element_mapping>
    <sys_element_mapping action="INSERT_OR_UPDATE">
        <field>ah_parent_task</field>
        <id>c6bef59fdb344300346ff2b6ae96192e</id>
        <sys_created_by>stefan.grabs</sys_created_by>
        <sys_created_on>2017-08-30 20:34:53</sys_created_on>
        <sys_id>bebef59fdb344300346ff2b6ae96199a</sys_id>
        <sys_mod_count>0</sys_mod_count>
        <sys_updated_by>stefan.grabs</sys_updated_by>
        <sys_updated_on>2017-08-30 20:34:53</sys_updated_on>
        <table>var__m_sys_hub_action_input_e5ccf55fdb344300346ff2b6ae9619c6</table>
        <value>{{Created or Updated_1.current}}</value>
    </sys_element_mapping>
    <sys_element_mapping action="INSERT_OR_UPDATE">
        <field>ah_parent_task</field>
        <id>c6bef59fdb344300346ff2b6ae96192e</id>
        <sys_created_by>stefan.grabs</sys_created_by>
        <sys_created_on>2017-08-30 21:22:31</sys_created_on>
        <sys_id>eca9c2d7db744300346ff2b6ae9619c7</sys_id>
        <sys_mod_count>0</sys_mod_count>
        <sys_updated_by>stefan.grabs</sys_updated_by>
        <sys_updated_on>2017-08-30 21:22:31</sys_updated_on>
        <table>var__m_sys_hub_action_input_8c19ca97db744300346ff2b6ae96190b</table>
        <value>{{Created or Updated_1.current}}</value>
    </sys_element_mapping>
    <sys_element_mapping action="INSERT_OR_UPDATE">
        <field>ah_short_description</field>
        <id>c6bef59fdb344300346ff2b6ae96192e</id>
        <sys_created_by>stefan.grabs</sys_created_by>
        <sys_created_on>2017-08-30 20:34:53</sys_created_on>
        <sys_id>36bef59fdb344300346ff2b6ae96199b</sys_id>
        <sys_mod_count>0</sys_mod_count>
        <sys_updated_by>stefan.grabs</sys_updated_by>
        <sys_updated_on>2017-08-30 20:34:53</sys_updated_on>
        <table>var__m_sys_hub_action_input_e5ccf55fdb344300346ff2b6ae9619c6</table>
        <value/>
    </sys_element_mapping>
    <sys_element_mapping action="INSERT_OR_UPDATE">
        <field>ah_short_description</field>
        <id>c6bef59fdb344300346ff2b6ae96192e</id>
        <sys_created_by>stefan.grabs</sys_created_by>
        <sys_created_on>2017-08-30 20:39:07</sys_created_on>
        <sys_id>38bfb9dfdb344300346ff2b6ae96199c</sys_id>
        <sys_mod_count>0</sys_mod_count>
        <sys_updated_by>stefan.grabs</sys_updated_by>
        <sys_updated_on>2017-08-30 20:39:07</sys_updated_on>
        <table>var__m_sys_hub_action_input_16af79dfdb344300346ff2b6ae9619a3</table>
        <value/>
    </sys_element_mapping>
    <sys_element_mapping action="INSERT_OR_UPDATE">
        <field>ah_short_description</field>
        <id>c6bef59fdb344300346ff2b6ae96192e</id>
        <sys_created_by>stefan.grabs</sys_created_by>
        <sys_created_on>2017-08-30 21:22:31</sys_created_on>
        <sys_id>64a9c2d7db744300346ff2b6ae9619c8</sys_id>
        <sys_mod_count>0</sys_mod_count>
        <sys_updated_by>stefan.grabs</sys_updated_by>
        <sys_updated_on>2017-08-30 21:22:31</sys_updated_on>
        <table>var__m_sys_hub_action_input_8c19ca97db744300346ff2b6ae96190b</table>
        <value/>
    </sys_element_mapping>
    <sys_element_mapping action="INSERT_OR_UPDATE">
        <field>ah_short_description</field>
        <id>c6bef59fdb344300346ff2b6ae96192e</id>
        <sys_created_by>stefan.grabs</sys_created_by>
        <sys_created_on>2017-08-30 20:34:51</sys_created_on>
        <sys_id>dabef59fdb344300346ff2b6ae961931</sys_id>
        <sys_mod_count>0</sys_mod_count>
        <sys_updated_by>stefan.grabs</sys_updated_by>
        <sys_updated_on>2017-08-30 20:34:51</sys_updated_on>
        <table>var__m_sys_hub_action_input_f5a8b1dbdb344300346ff2b6ae96190a</table>
        <value/>
    </sys_element_mapping>
    <sys_element_mapping action="INSERT_OR_UPDATE">
        <field>ah_wait_for_completion</field>
        <id>c6bef59fdb344300346ff2b6ae96192e</id>
        <sys_created_by>stefan.grabs</sys_created_by>
        <sys_created_on>2017-08-30 20:34:51</sys_created_on>
        <sys_id>0abef59fdb344300346ff2b6ae961931</sys_id>
        <sys_mod_count>0</sys_mod_count>
        <sys_updated_by>stefan.grabs</sys_updated_by>
        <sys_updated_on>2017-08-30 20:34:51</sys_updated_on>
        <table>var__m_sys_hub_action_input_f5a8b1dbdb344300346ff2b6ae96190a</table>
        <value/>
    </sys_element_mapping>
    <sys_element_mapping action="INSERT_OR_UPDATE">
        <field>ah_wait_for_completion</field>
        <id>c6bef59fdb344300346ff2b6ae96192e</id>
        <sys_created_by>stefan.grabs</sys_created_by>
        <sys_created_on>2017-08-30 20:34:53</sys_created_on>
        <sys_id>72bef59fdb344300346ff2b6ae96199b</sys_id>
        <sys_mod_count>0</sys_mod_count>
        <sys_updated_by>stefan.grabs</sys_updated_by>
        <sys_updated_on>2017-08-30 20:34:53</sys_updated_on>
        <table>var__m_sys_hub_action_input_e5ccf55fdb344300346ff2b6ae9619c6</table>
        <value/>
    </sys_element_mapping>
    <sys_element_mapping action="INSERT_OR_UPDATE">
        <field>ah_wait_for_completion</field>
        <id>c6bef59fdb344300346ff2b6ae96192e</id>
        <sys_created_by>stefan.grabs</sys_created_by>
        <sys_created_on>2017-08-30 20:39:07</sys_created_on>
        <sys_id>74bfb9dfdb344300346ff2b6ae96199c</sys_id>
        <sys_mod_count>0</sys_mod_count>
        <sys_updated_by>stefan.grabs</sys_updated_by>
        <sys_updated_on>2017-08-30 20:39:07</sys_updated_on>
        <table>var__m_sys_hub_action_input_16af79dfdb344300346ff2b6ae9619a3</table>
        <value/>
    </sys_element_mapping>
    <sys_element_mapping action="INSERT_OR_UPDATE">
        <field>ah_wait_for_completion</field>
        <id>c6bef59fdb344300346ff2b6ae96192e</id>
        <sys_created_by>stefan.grabs</sys_created_by>
        <sys_created_on>2017-08-30 21:22:31</sys_created_on>
        <sys_id>a0a9c2d7db744300346ff2b6ae9619c8</sys_id>
        <sys_mod_count>0</sys_mod_count>
        <sys_updated_by>stefan.grabs</sys_updated_by>
        <sys_updated_on>2017-08-30 21:22:31</sys_updated_on>
        <table>var__m_sys_hub_action_input_8c19ca97db744300346ff2b6ae96190b</table>
        <value/>
    </sys_element_mapping>
</record_update>
