<?xml version="1.0" encoding="UTF-8"?>
<record_update table="sys_hub_action_instance">
    <sys_hub_action_instance action="INSERT_OR_UPDATE">
        <action_inputs/>
        <action_inputs/>
        <action_type display_value="Update Record">f9d01dd2c31332002841b63b12d3aea1</action_type>
        <comment>Set state to review</comment>
        <compiled_snapshot display_value="Update Record">f9d01dd2c31332002841b63b12d3aea1</compiled_snapshot>
        <display_text/>
        <flow display_value="Security Incident - Rogue Server or Service - Template">17c49a5fdb744300346ff2b6ae961997</flow>
        <order>2.6</order>
        <parent_ui_id>cc8d6b2e-c720-4fbb-b01b-4d04630dea8d</parent_ui_id>
        <sys_class_name>sys_hub_action_instance</sys_class_name>
        <sys_created_by>stefan.grabs</sys_created_by>
        <sys_created_on>2017-08-30 22:11:21</sys_created_on>
        <sys_id>fbc49a5fdb744300346ff2b6ae9619dd</sys_id>
        <sys_mod_count>3</sys_mod_count>
        <sys_name/>
        <sys_package display_value="Security Operations Spoke" source="sn_sec_spoke">8ef54857dbc14300d11f77bcbf961975</sys_package>
        <sys_policy>read</sys_policy>
        <sys_scope display_value="Security Operations Spoke">8ef54857dbc14300d11f77bcbf961975</sys_scope>
        <sys_update_name>sys_hub_action_instance_fbc49a5fdb744300346ff2b6ae9619dd</sys_update_name>
        <sys_updated_by>stefan.grabs</sys_updated_by>
        <sys_updated_on>2017-08-30 22:11:28</sys_updated_on>
        <ui_id>71e78e9b-3b98-4e7b-83cd-fffae1732d94</ui_id>
    </sys_hub_action_instance>
    <sys_variable_value action="delete_multiple" query="document_key=fbc49a5fdb744300346ff2b6ae9619dd"/>
    <sys_variable_value action="INSERT_OR_UPDATE">
        <document>sys_hub_action_instance</document>
        <document_key>fbc49a5fdb744300346ff2b6ae9619dd</document_key>
        <order>50</order>
        <sys_class_name>sys_variable_value</sys_class_name>
        <sys_created_by>stefan.grabs</sys_created_by>
        <sys_created_on>2017-08-30 22:11:21</sys_created_on>
        <sys_id>b7c49a5fdb744300346ff2b6ae9619e1</sys_id>
        <sys_mod_count>0</sys_mod_count>
        <sys_updated_by>stefan.grabs</sys_updated_by>
        <sys_updated_on>2017-08-30 22:11:21</sys_updated_on>
        <value>sn_si_incident</value>
        <variable display_value="">b5d01916c31332002841b63b12d3aec9</variable>
    </sys_variable_value>
    <sys_variable_value action="INSERT_OR_UPDATE">
        <document>sys_hub_action_instance</document>
        <document_key>fbc49a5fdb744300346ff2b6ae9619dd</document_key>
        <order>100</order>
        <sys_class_name>sys_variable_value</sys_class_name>
        <sys_created_by>stefan.grabs</sys_created_by>
        <sys_created_on>2017-08-30 22:11:21</sys_created_on>
        <sys_id>f3c49a5fdb744300346ff2b6ae9619e1</sys_id>
        <sys_mod_count>0</sys_mod_count>
        <sys_updated_by>stefan.grabs</sys_updated_by>
        <sys_updated_on>2017-08-30 22:11:21</sys_updated_on>
        <value>state=100</value>
        <variable display_value="">02d01916c31332002841b63b12d3aeee</variable>
    </sys_variable_value>
    <sys_element_mapping action="delete_multiple" query="id=fbc49a5fdb744300346ff2b6ae9619dd"/>
    <sys_element_mapping action="INSERT_OR_UPDATE">
        <field>record</field>
        <id>fbc49a5fdb744300346ff2b6ae9619dd</id>
        <sys_created_by>stefan.grabs</sys_created_by>
        <sys_created_on>2017-08-30 22:11:21</sys_created_on>
        <sys_id>bfc49a5fdb744300346ff2b6ae9619e0</sys_id>
        <sys_mod_count>0</sys_mod_count>
        <sys_updated_by>stefan.grabs</sys_updated_by>
        <sys_updated_on>2017-08-30 22:11:21</sys_updated_on>
        <table>var__m_sys_hub_action_input_f9d01dd2c31332002841b63b12d3aea1</table>
        <value>{{Created or Updated_1.current}}</value>
    </sys_element_mapping>
    <sys_element_mapping action="INSERT_OR_UPDATE">
        <field>table_name</field>
        <id>fbc49a5fdb744300346ff2b6ae9619dd</id>
        <sys_created_by>stefan.grabs</sys_created_by>
        <sys_created_on>2017-08-30 22:11:21</sys_created_on>
        <sys_id>fbc49a5fdb744300346ff2b6ae9619e0</sys_id>
        <sys_mod_count>0</sys_mod_count>
        <sys_updated_by>stefan.grabs</sys_updated_by>
        <sys_updated_on>2017-08-30 22:11:21</sys_updated_on>
        <table>var__m_sys_hub_action_input_f9d01dd2c31332002841b63b12d3aea1</table>
        <value/>
    </sys_element_mapping>
    <sys_element_mapping action="INSERT_OR_UPDATE">
        <field>values</field>
        <id>fbc49a5fdb744300346ff2b6ae9619dd</id>
        <sys_created_by>stefan.grabs</sys_created_by>
        <sys_created_on>2017-08-30 22:11:21</sys_created_on>
        <sys_id>73c49a5fdb744300346ff2b6ae9619e1</sys_id>
        <sys_mod_count>0</sys_mod_count>
        <sys_updated_by>stefan.grabs</sys_updated_by>
        <sys_updated_on>2017-08-30 22:11:21</sys_updated_on>
        <table>var__m_sys_hub_action_input_f9d01dd2c31332002841b63b12d3aea1</table>
        <value/>
    </sys_element_mapping>
</record_update>
