<?xml version="1.0" encoding="UTF-8"?>
<record_update table="sys_hub_action_instance">
    <sys_hub_action_instance action="INSERT_OR_UPDATE">
        <action_inputs/>
        <action_inputs/>
        <action_type display_value="Security Incident Flow Response Task">8c19ca97db744300346ff2b6ae96190b</action_type>
        <comment>Law Enforcement Review</comment>
        <compiled_snapshot display_value="Security Incident Flow Response Task">8c19ca97db744300346ff2b6ae96190b</compiled_snapshot>
        <display_text/>
        <flow display_value="Security Incident - Malicious Software - Template">3cf0ce13db744300346ff2b6ae96191f</flow>
        <order>2.4.3</order>
        <parent_ui_id>6354c816-55e7-4d6b-9361-b76fbba5c3bf</parent_ui_id>
        <sys_class_name>sys_hub_action_instance</sys_class_name>
        <sys_created_by>stefan.grabs</sys_created_by>
        <sys_created_on>2017-08-30 20:53:10</sys_created_on>
        <sys_id>76e20293db744300346ff2b6ae961998</sys_id>
        <sys_mod_count>9</sys_mod_count>
        <sys_name/>
        <sys_package display_value="Security Operations Spoke" source="sn_sec_spoke">8ef54857dbc14300d11f77bcbf961975</sys_package>
        <sys_policy>read</sys_policy>
        <sys_scope display_value="Security Operations Spoke">8ef54857dbc14300d11f77bcbf961975</sys_scope>
        <sys_update_name>sys_hub_action_instance_76e20293db744300346ff2b6ae961998</sys_update_name>
        <sys_updated_by>stefan.grabs</sys_updated_by>
        <sys_updated_on>2017-08-30 22:13:23</sys_updated_on>
        <ui_id>2d6745fc-f045-4f5a-a8c6-32217bbd084f</ui_id>
    </sys_hub_action_instance>
    <sys_variable_value action="delete_multiple" query="document_key=76e20293db744300346ff2b6ae961998"/>
    <sys_variable_value action="INSERT_OR_UPDATE">
        <document>sys_hub_action_instance</document>
        <document_key>76e20293db744300346ff2b6ae961998</document_key>
        <order>1</order>
        <sys_class_name>sys_variable_value</sys_class_name>
        <sys_created_by>stefan.grabs</sys_created_by>
        <sys_created_on>2017-08-30 20:53:14</sys_created_on>
        <sys_id>2fe24293db744300346ff2b6ae961919</sys_id>
        <sys_mod_count>0</sys_mod_count>
        <sys_updated_by>stefan.grabs</sys_updated_by>
        <sys_updated_on>2017-08-30 20:53:14</sys_updated_on>
        <value>Law Enforcement Review</value>
        <variable display_value="">9eaf79dfdb344300346ff2b6ae9619be</variable>
    </sys_variable_value>
    <sys_variable_value action="INSERT_OR_UPDATE">
        <document>sys_hub_action_instance</document>
        <document_key>76e20293db744300346ff2b6ae961998</document_key>
        <order>1</order>
        <sys_class_name>sys_variable_value</sys_class_name>
        <sys_created_by>admin</sys_created_by>
        <sys_created_on>2017-08-30 21:22:45</sys_created_on>
        <sys_id>7fa9ca5bdb744300934ef3c61d9619c6</sys_id>
        <sys_mod_count>0</sys_mod_count>
        <sys_updated_by>admin</sys_updated_by>
        <sys_updated_on>2017-08-30 21:22:45</sys_updated_on>
        <value>Law Enforcement Review</value>
        <variable display_value="">cc19ca97db744300346ff2b6ae961927</variable>
    </sys_variable_value>
    <sys_variable_value action="INSERT_OR_UPDATE">
        <document>sys_hub_action_instance</document>
        <document_key>76e20293db744300346ff2b6ae961998</document_key>
        <order>1</order>
        <sys_class_name>sys_variable_value</sys_class_name>
        <sys_created_by>stefan.grabs</sys_created_by>
        <sys_created_on>2017-08-30 20:53:11</sys_created_on>
        <sys_id>bae20293db744300346ff2b6ae96199b</sys_id>
        <sys_mod_count>0</sys_mod_count>
        <sys_updated_by>stefan.grabs</sys_updated_by>
        <sys_updated_on>2017-08-30 20:53:11</sys_updated_on>
        <value>Law Enforcement Review</value>
        <variable display_value="">c69af11fdb344300346ff2b6ae96196e</variable>
    </sys_variable_value>
    <sys_element_mapping action="delete_multiple" query="id=76e20293db744300346ff2b6ae961998"/>
    <sys_element_mapping action="INSERT_OR_UPDATE">
        <field>ah_parent_task</field>
        <id>76e20293db744300346ff2b6ae961998</id>
        <sys_created_by>admin</sys_created_by>
        <sys_created_on>2017-08-30 21:22:45</sys_created_on>
        <sys_id>3ba9ca5bdb744300934ef3c61d9619c6</sys_id>
        <sys_mod_count>0</sys_mod_count>
        <sys_updated_by>admin</sys_updated_by>
        <sys_updated_on>2017-08-30 21:22:45</sys_updated_on>
        <table>var__m_sys_hub_action_input_8c19ca97db744300346ff2b6ae96190b</table>
        <value>{{Created or Updated_1.current}}</value>
    </sys_element_mapping>
    <sys_element_mapping action="INSERT_OR_UPDATE">
        <field>ah_parent_task</field>
        <id>76e20293db744300346ff2b6ae961998</id>
        <sys_created_by>stefan.grabs</sys_created_by>
        <sys_created_on>2017-08-30 20:53:11</sys_created_on>
        <sys_id>76e20293db744300346ff2b6ae96199b</sys_id>
        <sys_mod_count>0</sys_mod_count>
        <sys_updated_by>stefan.grabs</sys_updated_by>
        <sys_updated_on>2017-08-30 20:53:11</sys_updated_on>
        <table>var__m_sys_hub_action_input_f5a8b1dbdb344300346ff2b6ae96190a</table>
        <value>{{Created or Updated_1.current}}</value>
    </sys_element_mapping>
    <sys_element_mapping action="INSERT_OR_UPDATE">
        <field>ah_parent_task</field>
        <id>76e20293db744300346ff2b6ae961998</id>
        <sys_created_by>stefan.grabs</sys_created_by>
        <sys_created_on>2017-08-30 20:53:14</sys_created_on>
        <sys_id>e7e24293db744300346ff2b6ae961919</sys_id>
        <sys_mod_count>0</sys_mod_count>
        <sys_updated_by>stefan.grabs</sys_updated_by>
        <sys_updated_on>2017-08-30 20:53:14</sys_updated_on>
        <table>var__m_sys_hub_action_input_16af79dfdb344300346ff2b6ae9619a3</table>
        <value>{{Created or Updated_1.current}}</value>
    </sys_element_mapping>
    <sys_element_mapping action="INSERT_OR_UPDATE">
        <field>ah_short_description</field>
        <id>76e20293db744300346ff2b6ae961998</id>
        <sys_created_by>stefan.grabs</sys_created_by>
        <sys_created_on>2017-08-30 20:53:11</sys_created_on>
        <sys_id>3ae20293db744300346ff2b6ae96199b</sys_id>
        <sys_mod_count>0</sys_mod_count>
        <sys_updated_by>stefan.grabs</sys_updated_by>
        <sys_updated_on>2017-08-30 20:53:11</sys_updated_on>
        <table>var__m_sys_hub_action_input_f5a8b1dbdb344300346ff2b6ae96190a</table>
        <value/>
    </sys_element_mapping>
    <sys_element_mapping action="INSERT_OR_UPDATE">
        <field>ah_short_description</field>
        <id>76e20293db744300346ff2b6ae961998</id>
        <sys_created_by>stefan.grabs</sys_created_by>
        <sys_created_on>2017-08-30 20:53:14</sys_created_on>
        <sys_id>abe24293db744300346ff2b6ae961919</sys_id>
        <sys_mod_count>0</sys_mod_count>
        <sys_updated_by>stefan.grabs</sys_updated_by>
        <sys_updated_on>2017-08-30 20:53:14</sys_updated_on>
        <table>var__m_sys_hub_action_input_16af79dfdb344300346ff2b6ae9619a3</table>
        <value/>
    </sys_element_mapping>
    <sys_element_mapping action="INSERT_OR_UPDATE">
        <field>ah_short_description</field>
        <id>76e20293db744300346ff2b6ae961998</id>
        <sys_created_by>admin</sys_created_by>
        <sys_created_on>2017-08-30 21:22:45</sys_created_on>
        <sys_id>fba9ca5bdb744300934ef3c61d9619c6</sys_id>
        <sys_mod_count>0</sys_mod_count>
        <sys_updated_by>admin</sys_updated_by>
        <sys_updated_on>2017-08-30 21:22:45</sys_updated_on>
        <table>var__m_sys_hub_action_input_8c19ca97db744300346ff2b6ae96190b</table>
        <value/>
    </sys_element_mapping>
</record_update>
