<?xml version="1.0" encoding="UTF-8"?>
<record_update table="sys_hub_step_instance">
    <sys_hub_step_instance action="INSERT_OR_UPDATE">
        <action display_value="Security Incident Flow Response Task">da4f35dfdb344300346ff2b6ae961913</action>
        <cid>f6020d7a-83a8-431c-8ffb-2987f69a3a55</cid>
        <extended_inputs/>
        <extended_inputs/>
        <extended_outputs/>
        <icon/>
        <inputs/>
        <label>Script step</label>
        <order>1</order>
        <outputs/>
        <step_type display_value="Script">106afb6647032200b4fad7527c9a71e7</step_type>
        <sys_class_name>sys_hub_step_instance</sys_class_name>
        <sys_created_by>stefan.grabs</sys_created_by>
        <sys_created_on>2017-08-30 20:37:22</sys_created_on>
        <sys_id>8b4f35dfdb344300346ff2b6ae96196c</sys_id>
        <sys_mod_count>1</sys_mod_count>
        <sys_name>Script step</sys_name>
        <sys_package display_value="Security Operations Spoke" source="sn_sec_spoke">8ef54857dbc14300d11f77bcbf961975</sys_package>
        <sys_policy>read</sys_policy>
        <sys_scope display_value="Security Operations Spoke">8ef54857dbc14300d11f77bcbf961975</sys_scope>
        <sys_update_name>sys_hub_step_instance_8b4f35dfdb344300346ff2b6ae96196c</sys_update_name>
        <sys_updated_by>stefan.grabs</sys_updated_by>
        <sys_updated_on>2017-08-30 20:37:23</sys_updated_on>
    </sys_hub_step_instance>
    <sys_variable_value action="delete_multiple" query="document_key=8b4f35dfdb344300346ff2b6ae96196c"/>
    <sys_variable_value action="INSERT_OR_UPDATE">
        <document>sys_hub_step_instance</document>
        <document_key>8b4f35dfdb344300346ff2b6ae96196c</document_key>
        <order>200</order>
        <sys_class_name>sys_variable_value</sys_class_name>
        <sys_created_by>stefan.grabs</sys_created_by>
        <sys_created_on>2017-08-30 20:37:23</sys_created_on>
        <sys_id>974f35dfdb344300346ff2b6ae961989</sys_id>
        <sys_mod_count>0</sys_mod_count>
        <sys_updated_by>stefan.grabs</sys_updated_by>
        <sys_updated_on>2017-08-30 20:37:23</sys_updated_on>
        <value>(function execute(inputs, outputs) {

  if (inputs.is_outcome_driven)
    outputs.outcome_type = 'yes_no';
  
})(inputs, outputs);
</value>
        <variable display_value="">71aa7f6647032200b4fad7527c9a719b</variable>
    </sys_variable_value>
    <sys_element_mapping action="delete_multiple" query="id=8b4f35dfdb344300346ff2b6ae96196c"/>
    <sys_element_mapping action="INSERT_OR_UPDATE">
        <field>is_outcome_driven</field>
        <id>8b4f35dfdb344300346ff2b6ae96196c</id>
        <sys_created_by>stefan.grabs</sys_created_by>
        <sys_created_on>2017-08-30 20:37:23</sys_created_on>
        <sys_id>134f35dfdb344300346ff2b6ae96198a</sys_id>
        <sys_mod_count>0</sys_mod_count>
        <sys_updated_by>stefan.grabs</sys_updated_by>
        <sys_updated_on>2017-08-30 20:37:23</sys_updated_on>
        <table>var__m_sys_hub_step_ext_input_8b4f35dfdb344300346ff2b6ae96196c</table>
        <value>{{action.ah_is_outcome_driven_}}</value>
    </sys_element_mapping>
    <sys_element_mapping action="INSERT_OR_UPDATE">
        <field>script</field>
        <id>8b4f35dfdb344300346ff2b6ae96196c</id>
        <sys_created_by>stefan.grabs</sys_created_by>
        <sys_created_on>2017-08-30 20:37:23</sys_created_on>
        <sys_id>174f35dfdb344300346ff2b6ae961989</sys_id>
        <sys_mod_count>0</sys_mod_count>
        <sys_updated_by>stefan.grabs</sys_updated_by>
        <sys_updated_on>2017-08-30 20:37:23</sys_updated_on>
        <table>var__m_sys_flow_step_definition_input_106afb6647032200b4fad7527c9a71e7</table>
        <value/>
    </sys_element_mapping>
</record_update>
