<?xml version="1.0" encoding="UTF-8"?>
<record_update table="sys_hub_action_instance">
  <sys_hub_action_instance action="INSERT_OR_UPDATE">
    <action_inputs/>
    <action_inputs/>
    <action_type display_value="Update Record">f9d01dd2c31332002841b63b12d3aea1</action_type>
    <comment>Set state to review</comment>
    <compiled_snapshot display_value="Update Record">f9d01dd2c31332002841b63b12d3aea1</compiled_snapshot>
    <display_text/>
    <flow display_value="Security Incident - Spam - Template">bb99fab90b150300263a089b37673a25</flow>
    <order>3.8</order>
    <parent_ui_id>a9f3e2ab-977e-48dc-a534-8d480a5bb6d8</parent_ui_id>
    <sys_class_name>sys_hub_action_instance</sys_class_name>
    <sys_created_by>admin</sys_created_by>
    <sys_created_on>2017-09-20 05:32:43</sys_created_on>
    <sys_id>d4a9fab90b150300263a089b37673a81</sys_id>
    <sys_mod_count>1</sys_mod_count>
    <sys_name/>
    <sys_package display_value="Security Operations Spoke" source="sn_sec_spoke">8ef54857dbc14300d11f77bcbf961975</sys_package>
    <sys_policy>read</sys_policy>
    <sys_scope display_value="Security Operations Spoke">8ef54857dbc14300d11f77bcbf961975</sys_scope>
    <sys_update_name>sys_hub_action_instance_d4a9fab90b150300263a089b37673a81</sys_update_name>
    <sys_updated_by>admin</sys_updated_by>
    <sys_updated_on>2017-09-20 05:32:43</sys_updated_on>
    <ui_id>286e98a1-b621-4fee-b1f3-bf328c995a61</ui_id>
  </sys_hub_action_instance>
  <sys_variable_value action="delete_multiple" query="document_key=d4a9fab90b150300263a089b37673a81"/>
  <sys_variable_value action="INSERT_OR_UPDATE">
    <document>sys_hub_action_instance</document>
    <document_key>d4a9fab90b150300263a089b37673a81</document_key>
    <order>50</order>
    <sys_class_name>sys_variable_value</sys_class_name>
    <sys_created_by>admin</sys_created_by>
    <sys_created_on>2017-09-20 05:32:43</sys_created_on>
    <sys_id>1ca9fab90b150300263a089b37673a84</sys_id>
    <sys_mod_count>0</sys_mod_count>
    <sys_updated_by>admin</sys_updated_by>
    <sys_updated_on>2017-09-20 05:32:43</sys_updated_on>
    <value>sn_si_incident</value>
    <variable display_value="">b5d01916c31332002841b63b12d3aec9</variable>
  </sys_variable_value>
  <sys_variable_value action="INSERT_OR_UPDATE">
    <document>sys_hub_action_instance</document>
    <document_key>d4a9fab90b150300263a089b37673a81</document_key>
    <order>100</order>
    <sys_class_name>sys_variable_value</sys_class_name>
    <sys_created_by>admin</sys_created_by>
    <sys_created_on>2017-09-20 05:32:43</sys_created_on>
    <sys_id>58a9fab90b150300263a089b37673a84</sys_id>
    <sys_mod_count>0</sys_mod_count>
    <sys_updated_by>admin</sys_updated_by>
    <sys_updated_on>2017-09-20 05:32:43</sys_updated_on>
    <value>state=100</value>
    <variable display_value="">02d01916c31332002841b63b12d3aeee</variable>
  </sys_variable_value>
  <sys_element_mapping action="delete_multiple" query="id=d4a9fab90b150300263a089b37673a81"/>
  <sys_element_mapping action="INSERT_OR_UPDATE">
    <field>record</field>
    <id>d4a9fab90b150300263a089b37673a81</id>
    <sys_created_by>admin</sys_created_by>
    <sys_created_on>2017-09-20 05:32:43</sys_created_on>
    <sys_id>14a9fab90b150300263a089b37673a84</sys_id>
    <sys_mod_count>0</sys_mod_count>
    <sys_updated_by>admin</sys_updated_by>
    <sys_updated_on>2017-09-20 05:32:43</sys_updated_on>
    <table>var__m_sys_hub_action_input_f9d01dd2c31332002841b63b12d3aea1</table>
    <value>{{Created or Updated_1.current}}</value>
  </sys_element_mapping>
  <sys_element_mapping action="INSERT_OR_UPDATE">
    <field>table_name</field>
    <id>d4a9fab90b150300263a089b37673a81</id>
    <sys_created_by>admin</sys_created_by>
    <sys_created_on>2017-09-20 05:32:43</sys_created_on>
    <sys_id>50a9fab90b150300263a089b37673a84</sys_id>
    <sys_mod_count>0</sys_mod_count>
    <sys_updated_by>admin</sys_updated_by>
    <sys_updated_on>2017-09-20 05:32:43</sys_updated_on>
    <table>var__m_sys_hub_action_input_f9d01dd2c31332002841b63b12d3aea1</table>
    <value/>
  </sys_element_mapping>
  <sys_element_mapping action="INSERT_OR_UPDATE">
    <field>values</field>
    <id>d4a9fab90b150300263a089b37673a81</id>
    <sys_created_by>admin</sys_created_by>
    <sys_created_on>2017-09-20 05:32:43</sys_created_on>
    <sys_id>d4a9fab90b150300263a089b37673a84</sys_id>
    <sys_mod_count>0</sys_mod_count>
    <sys_updated_by>admin</sys_updated_by>
    <sys_updated_on>2017-09-20 05:32:43</sys_updated_on>
    <table>var__m_sys_hub_action_input_f9d01dd2c31332002841b63b12d3aea1</table>
    <value/>
  </sys_element_mapping>
</record_update>
