<?xml version="1.0" encoding="UTF-8"?>
<record_update table="sys_hub_flow">
    <sys_hub_flow action="INSERT_OR_UPDATE">
        <active>false</active>
        <description/>
        <label_cache>[{"name":"4b3ef1eb-28cb-427f-8c70-504027b58f3c.Security Incident Flow Response Task","label":"3.1➛Security Incident Flow Response Task","reference":"sn_si_task","reference_display":"Security Incident Response Task","type":"document_id","base_type":"document_id"},{"name":"cc8c71be-5d48-4e90-a3ea-d394c7f9c8e0.Security Incident Flow Response Task.outcome","label":"3.2➛Security Incident Flow Response Task➛Outcome","reference":"","reference_display":"Outcome","type":"choice","base_type":"choice","parent_table_name":"sn_si_task","column_name":"outcome"},{"name":"31b0fc6f-181f-4ccc-bc97-a11eb308ec90.Security Incident Flow Response Task.outcome","label":"1➛Security Incident Flow Response Task➛Outcome","reference":"","reference_display":"Outcome","type":"choice","base_type":"choice","parent_table_name":"sn_si_task","column_name":"outcome"},{"name":"Created or Updated_1.current","label":"Trigger➛Security Incident Record","reference":"sn_si_incident","reference_display":"Security Incident","type":"reference","base_type":"reference"}]</label_cache>
        <latest_snapshot display_value="Security Incident - Unauthorized Access - Template">6d84165fdb744300346ff2b6ae961966</latest_snapshot>
        <name>Security Incident - Unauthorized Access - Template</name>
        <show_draft_actions>false</show_draft_actions>
        <status>published</status>
        <sys_class_name>sys_hub_flow</sys_class_name>
        <sys_created_by>stefan.grabs</sys_created_by>
        <sys_created_on>2017-08-30 21:59:46</sys_created_on>
        <sys_id>02221edbdb744300346ff2b6ae9619da</sys_id>
        <sys_mod_count>3</sys_mod_count>
        <sys_name>Security Incident - Unauthorized Access - Template</sys_name>
        <sys_package display_value="Security Operations Spoke" source="sn_sec_spoke">8ef54857dbc14300d11f77bcbf961975</sys_package>
        <sys_policy>read</sys_policy>
        <sys_scope display_value="Security Operations Spoke">8ef54857dbc14300d11f77bcbf961975</sys_scope>
        <sys_update_name>sys_hub_flow_02221edbdb744300346ff2b6ae9619da</sys_update_name>
        <sys_updated_by>stefan.grabs</sys_updated_by>
        <sys_updated_on>2017-08-30 22:10:15</sys_updated_on>
    </sys_hub_flow>
</record_update>
