<?xml version="1.0" encoding="UTF-8"?>
<record_update table="sys_hub_flow">
    <sys_hub_flow action="INSERT_OR_UPDATE">
        <active>false</active>
        <description/>
        <label_cache>[{"name":"Created or Updated_1.current","label":"Trigger➛Security Incident Record","reference":"sn_si_incident","reference_display":"Security Incident","type":"reference","base_type":"reference"},{"name":"ad3410a7-d078-415a-82e0-fd2b6f8d7eaa.Security Incident Flow Response Task.outcome","label":"1➛Security Incident Flow Response Task➛Outcome","reference":"","reference_display":"Outcome","type":"choice","base_type":"choice","parent_table_name":"sn_si_task","column_name":"outcome"},{"name":"ad3410a7-d078-415a-82e0-fd2b6f8d7eaa.Security Incident Flow Response Task","label":"1➛Security Incident Flow Response Task","reference":"sn_si_task","reference_display":"Security Incident Flow Response Task"},{"name":"5356a31c-922e-48d5-9668-a67ee761c310.Security Incident Flow Response Task.outcome","label":"2.1➛Security Incident Flow Response Task➛Outcome","reference":"","reference_display":"Outcome","type":"choice","base_type":"choice","parent_table_name":"sn_si_task","column_name":"outcome"},{"name":"04d3c587-79e7-499f-a510-f8ef4e938648.Security Incident Flow Response Task.outcome","label":"2.4➛Security Incident Flow Response Task➛Outcome","reference":"","reference_display":"Outcome","type":"choice","base_type":"choice","parent_table_name":"sn_si_task","column_name":"outcome"}]</label_cache>
        <latest_snapshot display_value="Security Incident - Lost Equipment - Template">7655d69fdb744300346ff2b6ae9619eb</latest_snapshot>
        <name>Security Incident - Lost Equipment - Template</name>
        <show_draft_actions>false</show_draft_actions>
        <status>published</status>
        <sys_class_name>sys_hub_flow</sys_class_name>
        <sys_created_by>stefan.grabs</sys_created_by>
        <sys_created_on>2017-08-30 20:19:00</sys_created_on>
        <sys_id>ce1b351fdb344300346ff2b6ae9619df</sys_id>
        <sys_mod_count>4</sys_mod_count>
        <sys_name>Security Incident - Lost Equipment - Template</sys_name>
        <sys_package display_value="Security Operations Spoke" source="sn_sec_spoke">8ef54857dbc14300d11f77bcbf961975</sys_package>
        <sys_policy>read</sys_policy>
        <sys_scope display_value="Security Operations Spoke">8ef54857dbc14300d11f77bcbf961975</sys_scope>
        <sys_update_name>sys_hub_flow_ce1b351fdb344300346ff2b6ae9619df</sys_update_name>
        <sys_updated_by>stefan.grabs</sys_updated_by>
        <sys_updated_on>2017-08-30 22:13:50</sys_updated_on>
    </sys_hub_flow>
</record_update>
