<?xml version="1.0" encoding="UTF-8"?>
<record_update table="sys_hub_action_instance">
    <sys_hub_action_instance action="INSERT_OR_UPDATE">
        <action_inputs/>
        <action_inputs/>
        <action_type display_value="Create Task">2b3a6335531003003bf1d9109ec58759</action_type>
        <comment/>
        <compiled_snapshot/>
        <display_text/>
        <flow display_value="Security Incident - Confidential Data Exposure - Template">29d1d395dbf04300346ff2b6ae961921</flow>
        <order>1</order>
        <parent_ui_id/>
        <sys_class_name>sys_hub_action_instance</sys_class_name>
        <sys_created_by>admin</sys_created_by>
        <sys_created_on>2017-08-24 21:30:08</sys_created_on>
        <sys_id>69d1d395dbf04300346ff2b6ae961941</sys_id>
        <sys_mod_count>2</sys_mod_count>
        <sys_name/>
        <sys_package display_value="Security Operations Spoke" source="sn_sec_spoke">8ef54857dbc14300d11f77bcbf961975</sys_package>
        <sys_policy>read</sys_policy>
        <sys_scope display_value="Security Operations Spoke">8ef54857dbc14300d11f77bcbf961975</sys_scope>
        <sys_update_name>sys_hub_action_instance_69d1d395dbf04300346ff2b6ae961941</sys_update_name>
        <sys_updated_by>admin</sys_updated_by>
        <sys_updated_on>2017-08-24 21:30:08</sys_updated_on>
        <ui_id>e061036e-7ffe-4de9-ab1b-e0150c361d8f</ui_id>
    </sys_hub_action_instance>
    <sys_variable_value action="delete_multiple" query="document_key=69d1d395dbf04300346ff2b6ae961941"/>
    <sys_variable_value action="INSERT_OR_UPDATE">
        <document>sys_hub_action_instance</document>
        <document_key>69d1d395dbf04300346ff2b6ae961941</document_key>
        <order>2</order>
        <sys_class_name>sys_variable_value</sys_class_name>
        <sys_created_by>admin</sys_created_by>
        <sys_created_on>2017-08-24 21:30:08</sys_created_on>
        <sys_id>25d1d395dbf04300346ff2b6ae961943</sys_id>
        <sys_mod_count>0</sys_mod_count>
        <sys_updated_by>admin</sys_updated_by>
        <sys_updated_on>2017-08-24 21:30:08</sys_updated_on>
        <value>1</value>
        <variable display_value="">ff3a6335531003003bf1d9109ec58777</variable>
    </sys_variable_value>
    <sys_variable_value action="INSERT_OR_UPDATE">
        <document>sys_hub_action_instance</document>
        <document_key>69d1d395dbf04300346ff2b6ae961941</document_key>
        <order>0</order>
        <sys_class_name>sys_variable_value</sys_class_name>
        <sys_created_by>admin</sys_created_by>
        <sys_created_on>2017-08-24 21:30:08</sys_created_on>
        <sys_id>e5d1d395dbf04300346ff2b6ae961943</sys_id>
        <sys_mod_count>0</sys_mod_count>
        <sys_updated_by>admin</sys_updated_by>
        <sys_updated_on>2017-08-24 21:30:08</sys_updated_on>
        <value>sn_si_task</value>
        <variable display_value="">e73a6335531003003bf1d9109ec5875c</variable>
    </sys_variable_value>
    <sys_element_mapping action="delete_multiple" query="id=69d1d395dbf04300346ff2b6ae961941"/>
    <sys_element_mapping action="INSERT_OR_UPDATE">
        <field>field_values</field>
        <id>69d1d395dbf04300346ff2b6ae961941</id>
        <sys_created_by>admin</sys_created_by>
        <sys_created_on>2017-08-24 21:30:08</sys_created_on>
        <sys_id>a1d1d395dbf04300346ff2b6ae961943</sys_id>
        <sys_mod_count>0</sys_mod_count>
        <sys_updated_by>admin</sys_updated_by>
        <sys_updated_on>2017-08-24 21:30:08</sys_updated_on>
        <table>var__m_sys_hub_action_input_2b3a6335531003003bf1d9109ec58759</table>
        <value>short_description=Is the data sensitive?^parent={{Created or Updated_1.current}}^outcome_type=yes_no</value>
    </sys_element_mapping>
    <sys_element_mapping action="INSERT_OR_UPDATE">
        <field>task_table</field>
        <id>69d1d395dbf04300346ff2b6ae961941</id>
        <sys_created_by>admin</sys_created_by>
        <sys_created_on>2017-08-24 21:30:08</sys_created_on>
        <sys_id>edd1d395dbf04300346ff2b6ae961942</sys_id>
        <sys_mod_count>0</sys_mod_count>
        <sys_updated_by>admin</sys_updated_by>
        <sys_updated_on>2017-08-24 21:30:08</sys_updated_on>
        <table>var__m_sys_hub_action_input_2b3a6335531003003bf1d9109ec58759</table>
        <value/>
    </sys_element_mapping>
    <sys_element_mapping action="INSERT_OR_UPDATE">
        <field>wait</field>
        <id>69d1d395dbf04300346ff2b6ae961941</id>
        <sys_created_by>admin</sys_created_by>
        <sys_created_on>2017-08-24 21:30:08</sys_created_on>
        <sys_id>2dd1d395dbf04300346ff2b6ae961942</sys_id>
        <sys_mod_count>0</sys_mod_count>
        <sys_updated_by>admin</sys_updated_by>
        <sys_updated_on>2017-08-24 21:30:08</sys_updated_on>
        <table>var__m_sys_hub_action_input_2b3a6335531003003bf1d9109ec58759</table>
        <value/>
    </sys_element_mapping>
</record_update>
