<?xml version="1.0" encoding="UTF-8"?>
<record_update table="sys_hub_step_instance">
    <sys_hub_step_instance action="INSERT_OR_UPDATE">
        <action display_value="Security Incident Flow Response Task">e5ccf55fdb344300346ff2b6ae9619c6</action>
        <cid>2993264b-dd03-4849-85e6-a04163c1fd57</cid>
        <extended_inputs/>
        <extended_outputs/>
        <icon/>
        <inputs/>
        <inputs/>
        <label>Create Task step</label>
        <order>2</order>
        <outputs/>
        <step_type display_value="Create Task">07973e960b233200cbd9e240e0ea604e</step_type>
        <sys_class_name>sys_hub_step_instance</sys_class_name>
        <sys_created_by>stefan.grabs</sys_created_by>
        <sys_created_on>2017-08-30 20:26:22</sys_created_on>
        <sys_id>cacc395fdb344300346ff2b6ae961924</sys_id>
        <sys_mod_count>1</sys_mod_count>
        <sys_name>Create Task step</sys_name>
        <sys_package display_value="Security Operations Spoke" source="sn_sec_spoke">8ef54857dbc14300d11f77bcbf961975</sys_package>
        <sys_policy>read</sys_policy>
        <sys_scope display_value="Security Operations Spoke">8ef54857dbc14300d11f77bcbf961975</sys_scope>
        <sys_update_name>sys_hub_step_instance_cacc395fdb344300346ff2b6ae961924</sys_update_name>
        <sys_updated_by>stefan.grabs</sys_updated_by>
        <sys_updated_on>2017-08-30 20:26:22</sys_updated_on>
    </sys_hub_step_instance>
    <sys_variable_value action="delete_multiple" query="document_key=cacc395fdb344300346ff2b6ae961924"/>
    <sys_variable_value action="INSERT_OR_UPDATE">
        <document>sys_hub_step_instance</document>
        <document_key>cacc395fdb344300346ff2b6ae961924</document_key>
        <order>100</order>
        <sys_class_name>sys_variable_value</sys_class_name>
        <sys_created_by>stefan.grabs</sys_created_by>
        <sys_created_on>2017-08-30 20:26:22</sys_created_on>
        <sys_id>0ecc395fdb344300346ff2b6ae96192c</sys_id>
        <sys_mod_count>0</sys_mod_count>
        <sys_updated_by>stefan.grabs</sys_updated_by>
        <sys_updated_on>2017-08-30 20:26:22</sys_updated_on>
        <value>sn_si_task</value>
        <variable display_value="">9b6832d60b233200cbd9e240e0ea601c</variable>
    </sys_variable_value>
    <sys_variable_value action="INSERT_OR_UPDATE">
        <document>sys_hub_step_instance</document>
        <document_key>cacc395fdb344300346ff2b6ae961924</document_key>
        <order>300</order>
        <sys_class_name>sys_variable_value</sys_class_name>
        <sys_created_by>stefan.grabs</sys_created_by>
        <sys_created_on>2017-08-30 20:26:22</sys_created_on>
        <sys_id>4acc395fdb344300346ff2b6ae96192c</sys_id>
        <sys_mod_count>0</sys_mod_count>
        <sys_updated_by>stefan.grabs</sys_updated_by>
        <sys_updated_on>2017-08-30 20:26:22</sys_updated_on>
        <value>0</value>
        <variable display_value="">a498b2d60b233200cbd9e240e0ea6004</variable>
    </sys_variable_value>
    <sys_element_mapping action="delete_multiple" query="id=cacc395fdb344300346ff2b6ae961924"/>
    <sys_element_mapping action="INSERT_OR_UPDATE">
        <field>create_record_field_values</field>
        <id>cacc395fdb344300346ff2b6ae961924</id>
        <sys_created_by>stefan.grabs</sys_created_by>
        <sys_created_on>2017-08-30 20:26:22</sys_created_on>
        <sys_id>42cc395fdb344300346ff2b6ae96192c</sys_id>
        <sys_mod_count>0</sys_mod_count>
        <sys_updated_by>stefan.grabs</sys_updated_by>
        <sys_updated_on>2017-08-30 20:26:22</sys_updated_on>
        <table>var__m_sys_flow_step_definition_input_07973e960b233200cbd9e240e0ea604e</table>
        <value>parent={{action.ah_parent_task}}^short_description={{action.ah_short_description}}^outcome_type={{step[f6020d7a-83a8-431c-8ffb-2987f69a3a55].outcome_type}}</value>
    </sys_element_mapping>
    <sys_element_mapping action="INSERT_OR_UPDATE">
        <field>create_record_table_name</field>
        <id>cacc395fdb344300346ff2b6ae961924</id>
        <sys_created_by>stefan.grabs</sys_created_by>
        <sys_created_on>2017-08-30 20:26:22</sys_created_on>
        <sys_id>c6cc395fdb344300346ff2b6ae96192c</sys_id>
        <sys_mod_count>0</sys_mod_count>
        <sys_updated_by>stefan.grabs</sys_updated_by>
        <sys_updated_on>2017-08-30 20:26:22</sys_updated_on>
        <table>var__m_sys_flow_step_definition_input_07973e960b233200cbd9e240e0ea604e</table>
        <value/>
    </sys_element_mapping>
    <sys_element_mapping action="INSERT_OR_UPDATE">
        <field>wait</field>
        <id>cacc395fdb344300346ff2b6ae961924</id>
        <sys_created_by>stefan.grabs</sys_created_by>
        <sys_created_on>2017-08-30 20:26:22</sys_created_on>
        <sys_id>06cc395fdb344300346ff2b6ae96192c</sys_id>
        <sys_mod_count>0</sys_mod_count>
        <sys_updated_by>stefan.grabs</sys_updated_by>
        <sys_updated_on>2017-08-30 20:26:22</sys_updated_on>
        <table>var__m_sys_flow_step_definition_input_07973e960b233200cbd9e240e0ea604e</table>
        <value>{{action.ah_wait_for_completion}}</value>
    </sys_element_mapping>
</record_update>
