<?xml version="1.0" encoding="UTF-8"?>
<record_update table="sys_flow_trigger_plan">
    <sys_flow_trigger_plan action="INSERT_OR_UPDATE">
        <binding_strategy>com.snc.process_flow.engine.binding.OncePerRecord</binding_strategy>
        <plan/>
        <plan_id>d45d065bdb744300346ff2b6ae961920</plan_id>
        <snapshot>8af49e5fdb744300346ff2b6ae961905</snapshot>
        <sys_class_name>sys_flow_trigger_plan</sys_class_name>
        <sys_created_by>stefan.grabs</sys_created_by>
        <sys_created_on>2017-08-30 22:12:09</sys_created_on>
        <sys_id>2bf49e5fdb744300346ff2b6ae9619b1</sys_id>
        <sys_mod_count>0</sys_mod_count>
        <sys_name>eff49e5fdb744300346ff2b6ae9619af</sys_name>
        <sys_package display_value="Security Operations Spoke" source="sn_sec_spoke">8ef54857dbc14300d11f77bcbf961975</sys_package>
        <sys_policy>read</sys_policy>
        <sys_scope display_value="Security Operations Spoke">8ef54857dbc14300d11f77bcbf961975</sys_scope>
        <sys_update_name>sys_flow_trigger_plan_2bf49e5fdb744300346ff2b6ae9619b1</sys_update_name>
        <sys_updated_by>stefan.grabs</sys_updated_by>
        <sys_updated_on>2017-08-30 22:12:09</sys_updated_on>
        <trigger display_value="">eff49e5fdb744300346ff2b6ae9619af</trigger>
    </sys_flow_trigger_plan>
</record_update>
