<?xml version="1.0" encoding="UTF-8"?>
<record_update sys_domain="global" table="sys_filter">
    <sys_filter action="INSERT_OR_UPDATE">
        <filter table="sn_si_incident">numberSTARTSWITH^numberISNOTEMPTY^EQ<item endquery="false" field="number" goto="false" newquery="false" operator="STARTSWITH" or="false" value=""/>
            <item endquery="false" field="number" goto="false" newquery="false" operator="ISNOTEMPTY" or="false" value=""/>
            <item endquery="true" field="" goto="false" newquery="false" operator="=" or="false" value=""/>
        </filter>
        <group/>
        <last_used>2017-08-30 20:54:48</last_used>
        <mobile>true</mobile>
        <roles/>
        <sys_class_name>sys_filter</sys_class_name>
        <sys_created_by>stefan.grabs</sys_created_by>
        <sys_created_on>2017-08-30 20:35:37</sys_created_on>
        <sys_domain>global</sys_domain>
        <sys_domain_path>/</sys_domain_path>
        <sys_id>e5eef99fdb344300346ff2b6ae9619cb</sys_id>
        <sys_mod_count>4</sys_mod_count>
        <sys_name/>
        <sys_package/>
        <sys_policy>read</sys_policy>
        <sys_scope display_value="Security Operations Spoke">8ef54857dbc14300d11f77bcbf961975</sys_scope>
        <sys_update_name/>
        <sys_updated_by>stefan.grabs</sys_updated_by>
        <sys_updated_on>2017-08-30 20:54:48</sys_updated_on>
        <table>sn_si_incident</table>
        <title>mobile</title>
        <user display_value="Stefan Grabs">e26e1cf6dbb00300346ff2b6ae961959</user>
    </sys_filter>
</record_update>
