<?xml version="1.0" encoding="UTF-8"?>
<record_update table="sys_hub_action_instance">
    <sys_hub_action_instance action="INSERT_OR_UPDATE">
        <action_inputs/>
        <action_inputs/>
        <action_type display_value="Update Record">f9d01dd2c31332002841b63b12d3aea1</action_type>
        <comment>Set state to review</comment>
        <compiled_snapshot display_value="Update Record">f9d01dd2c31332002841b63b12d3aea1</compiled_snapshot>
        <display_text/>
        <flow display_value="Security Incident - Reconnaissance - Template">d45d065bdb744300346ff2b6ae961920</flow>
        <order>2.5</order>
        <parent_ui_id>a7b957b6-8347-4f8c-8ed6-f48198d22084</parent_ui_id>
        <sys_class_name>sys_hub_action_instance</sys_class_name>
        <sys_created_by>stefan.grabs</sys_created_by>
        <sys_created_on>2017-08-30 21:41:32</sys_created_on>
        <sys_id>4bfd8a5bdb744300346ff2b6ae9619bb</sys_id>
        <sys_mod_count>5</sys_mod_count>
        <sys_name/>
        <sys_package display_value="Security Operations Spoke" source="sn_sec_spoke">8ef54857dbc14300d11f77bcbf961975</sys_package>
        <sys_policy>read</sys_policy>
        <sys_scope display_value="Security Operations Spoke">8ef54857dbc14300d11f77bcbf961975</sys_scope>
        <sys_update_name>sys_hub_action_instance_4bfd8a5bdb744300346ff2b6ae9619bb</sys_update_name>
        <sys_updated_by>stefan.grabs</sys_updated_by>
        <sys_updated_on>2017-08-30 22:12:15</sys_updated_on>
        <ui_id>c87a0075-e95e-4472-a893-fe7dfed892a9</ui_id>
    </sys_hub_action_instance>
    <sys_variable_value action="delete_multiple" query="document_key=4bfd8a5bdb744300346ff2b6ae9619bb"/>
    <sys_variable_value action="INSERT_OR_UPDATE">
        <document>sys_hub_action_instance</document>
        <document_key>4bfd8a5bdb744300346ff2b6ae9619bb</document_key>
        <order>50</order>
        <sys_class_name>sys_variable_value</sys_class_name>
        <sys_created_by>stefan.grabs</sys_created_by>
        <sys_created_on>2017-08-30 21:41:32</sys_created_on>
        <sys_id>07fd8a5bdb744300346ff2b6ae9619bf</sys_id>
        <sys_mod_count>0</sys_mod_count>
        <sys_updated_by>stefan.grabs</sys_updated_by>
        <sys_updated_on>2017-08-30 21:41:32</sys_updated_on>
        <value>sn_si_incident</value>
        <variable display_value="">1fd27c8cc3c632002841b63b12d3aeb9</variable>
    </sys_variable_value>
    <sys_variable_value action="INSERT_OR_UPDATE">
        <document>sys_hub_action_instance</document>
        <document_key>4bfd8a5bdb744300346ff2b6ae9619bb</document_key>
        <order>50</order>
        <sys_class_name>sys_variable_value</sys_class_name>
        <sys_created_by>stefan.grabs</sys_created_by>
        <sys_created_on>2017-08-30 21:41:34</sys_created_on>
        <sys_id>23fdca5bdb744300346ff2b6ae961929</sys_id>
        <sys_mod_count>0</sys_mod_count>
        <sys_updated_by>stefan.grabs</sys_updated_by>
        <sys_updated_on>2017-08-30 21:41:34</sys_updated_on>
        <value>sn_si_incident</value>
        <variable display_value="">b5d01916c31332002841b63b12d3aec9</variable>
    </sys_variable_value>
    <sys_variable_value action="INSERT_OR_UPDATE">
        <document>sys_hub_action_instance</document>
        <document_key>4bfd8a5bdb744300346ff2b6ae9619bb</document_key>
        <order>100</order>
        <sys_class_name>sys_variable_value</sys_class_name>
        <sys_created_by>stefan.grabs</sys_created_by>
        <sys_created_on>2017-08-30 21:41:32</sys_created_on>
        <sys_id>43fd8a5bdb744300346ff2b6ae9619bf</sys_id>
        <sys_mod_count>0</sys_mod_count>
        <sys_updated_by>stefan.grabs</sys_updated_by>
        <sys_updated_on>2017-08-30 21:41:32</sys_updated_on>
        <value>state=100</value>
        <variable display_value="">e7d270ccc3c632002841b63b12d3ae8b</variable>
    </sys_variable_value>
    <sys_variable_value action="INSERT_OR_UPDATE">
        <document>sys_hub_action_instance</document>
        <document_key>4bfd8a5bdb744300346ff2b6ae9619bb</document_key>
        <order>100</order>
        <sys_class_name>sys_variable_value</sys_class_name>
        <sys_created_by>stefan.grabs</sys_created_by>
        <sys_created_on>2017-08-30 21:41:34</sys_created_on>
        <sys_id>6ffdca5bdb744300346ff2b6ae961928</sys_id>
        <sys_mod_count>0</sys_mod_count>
        <sys_updated_by>stefan.grabs</sys_updated_by>
        <sys_updated_on>2017-08-30 21:41:34</sys_updated_on>
        <value>state=100</value>
        <variable display_value="">02d01916c31332002841b63b12d3aeee</variable>
    </sys_variable_value>
    <sys_element_mapping action="delete_multiple" query="id=4bfd8a5bdb744300346ff2b6ae9619bb"/>
    <sys_element_mapping action="INSERT_OR_UPDATE">
        <field>record</field>
        <id>4bfd8a5bdb744300346ff2b6ae9619bb</id>
        <sys_created_by>stefan.grabs</sys_created_by>
        <sys_created_on>2017-08-30 21:41:32</sys_created_on>
        <sys_id>0ffd8a5bdb744300346ff2b6ae9619be</sys_id>
        <sys_mod_count>0</sys_mod_count>
        <sys_updated_by>stefan.grabs</sys_updated_by>
        <sys_updated_on>2017-08-30 21:41:32</sys_updated_on>
        <table>var__m_sys_hub_action_input_baf174c8c3c232002841b63b12d3aee4</table>
        <value>{{Created or Updated_1.current}}</value>
    </sys_element_mapping>
    <sys_element_mapping action="INSERT_OR_UPDATE">
        <field>record</field>
        <id>4bfd8a5bdb744300346ff2b6ae9619bb</id>
        <sys_created_by>stefan.grabs</sys_created_by>
        <sys_created_on>2017-08-30 21:41:34</sys_created_on>
        <sys_id>2bfdca5bdb744300346ff2b6ae961928</sys_id>
        <sys_mod_count>0</sys_mod_count>
        <sys_updated_by>stefan.grabs</sys_updated_by>
        <sys_updated_on>2017-08-30 21:41:34</sys_updated_on>
        <table>var__m_sys_hub_action_input_f9d01dd2c31332002841b63b12d3aea1</table>
        <value>{{Created or Updated_1.current}}</value>
    </sys_element_mapping>
    <sys_element_mapping action="INSERT_OR_UPDATE">
        <field>table_name</field>
        <id>4bfd8a5bdb744300346ff2b6ae9619bb</id>
        <sys_created_by>stefan.grabs</sys_created_by>
        <sys_created_on>2017-08-30 21:41:32</sys_created_on>
        <sys_id>4bfd8a5bdb744300346ff2b6ae9619be</sys_id>
        <sys_mod_count>0</sys_mod_count>
        <sys_updated_by>stefan.grabs</sys_updated_by>
        <sys_updated_on>2017-08-30 21:41:32</sys_updated_on>
        <table>var__m_sys_hub_action_input_baf174c8c3c232002841b63b12d3aee4</table>
        <value/>
    </sys_element_mapping>
    <sys_element_mapping action="INSERT_OR_UPDATE">
        <field>table_name</field>
        <id>4bfd8a5bdb744300346ff2b6ae9619bb</id>
        <sys_created_by>stefan.grabs</sys_created_by>
        <sys_created_on>2017-08-30 21:41:34</sys_created_on>
        <sys_id>67fdca5bdb744300346ff2b6ae961928</sys_id>
        <sys_mod_count>0</sys_mod_count>
        <sys_updated_by>stefan.grabs</sys_updated_by>
        <sys_updated_on>2017-08-30 21:41:34</sys_updated_on>
        <table>var__m_sys_hub_action_input_f9d01dd2c31332002841b63b12d3aea1</table>
        <value/>
    </sys_element_mapping>
    <sys_element_mapping action="INSERT_OR_UPDATE">
        <field>values</field>
        <id>4bfd8a5bdb744300346ff2b6ae9619bb</id>
        <sys_created_by>stefan.grabs</sys_created_by>
        <sys_created_on>2017-08-30 21:41:32</sys_created_on>
        <sys_id>cffd8a5bdb744300346ff2b6ae9619be</sys_id>
        <sys_mod_count>0</sys_mod_count>
        <sys_updated_by>stefan.grabs</sys_updated_by>
        <sys_updated_on>2017-08-30 21:41:32</sys_updated_on>
        <table>var__m_sys_hub_action_input_baf174c8c3c232002841b63b12d3aee4</table>
        <value/>
    </sys_element_mapping>
    <sys_element_mapping action="INSERT_OR_UPDATE">
        <field>values</field>
        <id>4bfd8a5bdb744300346ff2b6ae9619bb</id>
        <sys_created_by>stefan.grabs</sys_created_by>
        <sys_created_on>2017-08-30 21:41:34</sys_created_on>
        <sys_id>ebfdca5bdb744300346ff2b6ae961928</sys_id>
        <sys_mod_count>0</sys_mod_count>
        <sys_updated_by>stefan.grabs</sys_updated_by>
        <sys_updated_on>2017-08-30 21:41:34</sys_updated_on>
        <table>var__m_sys_hub_action_input_f9d01dd2c31332002841b63b12d3aea1</table>
        <value/>
    </sys_element_mapping>
</record_update>
