<?xml version="1.0" encoding="UTF-8"?>
<record_update table="sys_hub_flow">
    <sys_hub_flow action="INSERT_OR_UPDATE">
        <active>false</active>
        <description/>
        <label_cache>[{"name":"04884f9f-2704-4666-8f71-e881caa27ed0.Record.outcome","label":"5➛Security Incident Response Task Record➛Outcome","reference":"","reference_display":"Outcome","type":"choice","base_type":"choice","parent_table_name":"sn_si_task","column_name":"outcome"},{"name":"0aec0620-d76e-4870-b86e-f86f50933806.Record.outcome","label":"3➛Security Incident Response Task Record➛Outcome","reference":"","reference_display":"Outcome","type":"choice","base_type":"choice","parent_table_name":"sn_si_task","column_name":"outcome"},{"name":"a2dd6644-2eaa-4817-8501-c2fa436a0b00.Record.outcome","label":"1➛Security Incident Response Task Record➛Outcome","reference":"","reference_display":"Outcome","type":"choice","base_type":"choice","parent_table_name":"sn_si_task","column_name":"outcome"},{"name":"Created or Updated_1.current","label":"Trigger➛Security Incident Record","reference":"sn_si_incident","reference_display":"Security Incident","type":"reference","base_type":"reference"},{"name":"a2dd6644-2eaa-4817-8501-c2fa436a0b00.Table","label":"1➛Table","reference_display":"Table"},{"name":"a2dd6644-2eaa-4817-8501-c2fa436a0b00.Record","label":"1➛Record","reference":"task","reference_display":"Record"},{"name":"1973474c-35c3-4587-ab75-e85f5361c8c6.record","label":"2.1➛Security Incident Record","reference":"sn_si_incident","reference_display":"Security Incident Record"},{"name":"1973474c-35c3-4587-ab75-e85f5361c8c6.table_name","label":"2.1➛Security Incident Table","reference":"sn_si_incident","reference_display":"Security Incident Table"},{"name":"0aec0620-d76e-4870-b86e-f86f50933806.Table","label":"3➛Table","reference_display":"Table"},{"name":"0aec0620-d76e-4870-b86e-f86f50933806.Record","label":"3➛Record","reference":"task","reference_display":"Record"},{"name":"badfb7c6-b3ab-4aa5-9767-682245dc22ff.Table","label":"4.1➛Table","reference_display":"Table"},{"name":"badfb7c6-b3ab-4aa5-9767-682245dc22ff.Record","label":"4.1➛Record","reference":"task","reference_display":"Record"},{"name":"04884f9f-2704-4666-8f71-e881caa27ed0.Table","label":"5➛Table","reference_display":"Table"},{"name":"04884f9f-2704-4666-8f71-e881caa27ed0.Record","label":"5➛Record","reference":"task","reference_display":"Record"},{"name":"c1499cb0-748f-4c04-b477-b78660136552.Table","label":"6.1➛Table","reference_display":"Table"},{"name":"c1499cb0-748f-4c04-b477-b78660136552.Record","label":"6.1➛Record","reference":"task","reference_display":"Record"},{"name":"21f5d39d-55d1-456f-aabd-3aac619ffb35.Table","label":"7.1➛Table","reference_display":"Table"},{"name":"21f5d39d-55d1-456f-aabd-3aac619ffb35.Record","label":"7.1➛Record","reference":"task","reference_display":"Record"},{"name":"dd52b362-0717-4891-8851-83a8fb867f5e.Table","label":"8➛Table","reference_display":"Table"},{"name":"dd52b362-0717-4891-8851-83a8fb867f5e.Record","label":"8➛Record","reference":"task","reference_display":"Record"},{"name":"c89a805a-2cac-4e96-9288-d4f9ecd69800.Table","label":"7➛Table","reference_display":"Table"},{"name":"c89a805a-2cac-4e96-9288-d4f9ecd69800.Record","label":"7➛Record","reference":"task","reference_display":"Record"},{"name":"fa4845f6-c4e5-462b-9ba8-64b8b2b9bedc.record","label":"10➛Security Incident Record","reference":"sn_si_incident","reference_display":"Security Incident Record"},{"name":"fa4845f6-c4e5-462b-9ba8-64b8b2b9bedc.table_name","label":"10➛Security Incident Table","reference":"sn_si_incident","reference_display":"Security Incident Table"},{"name":"239447a8-e629-46c2-8225-6fba5f9dcbeb.Security Incident Flow Response Task.outcome","label":"1➛Security Incident Flow Response Task➛Outcome","reference":"","reference_display":"Outcome","type":"choice","base_type":"choice","parent_table_name":"sn_si_task","column_name":"outcome"},{"name":"e86b3024-7d56-4484-aae8-66a841c7c996.Security Incident Flow Response Task.outcome","label":"3➛Security Incident Flow Response Task➛Outcome","reference":"","reference_display":"Outcome","type":"choice","base_type":"choice","parent_table_name":"sn_si_task","column_name":"outcome"},{"name":"2919fceb-f5ff-45af-91ab-fa4e6e8fa4eb.Security Incident Flow Response Task.outcome","label":"5➛Security Incident Flow Response Task➛Outcome","reference":"","reference_display":"Outcome","type":"choice","base_type":"choice","parent_table_name":"sn_si_task","column_name":"outcome"}]</label_cache>
        <latest_snapshot display_value="Security Incident - Denial of Service - Template">94959e9fdb744300346ff2b6ae961905</latest_snapshot>
        <name>Security Incident - Denial of Service - Template</name>
        <show_draft_actions>false</show_draft_actions>
        <status>published</status>
        <sys_class_name>sys_hub_flow</sys_class_name>
        <sys_created_by>stefan.grabs</sys_created_by>
        <sys_created_on>2017-08-30 19:43:34</sys_created_on>
        <sys_id>c3f2311bdb344300346ff2b6ae9619c8</sys_id>
        <sys_mod_count>5</sys_mod_count>
        <sys_name>Security Incident - Denial of Service - Template</sys_name>
        <sys_package display_value="Security Operations Spoke" source="sn_sec_spoke">8ef54857dbc14300d11f77bcbf961975</sys_package>
        <sys_policy>read</sys_policy>
        <sys_scope display_value="Security Operations Spoke">8ef54857dbc14300d11f77bcbf961975</sys_scope>
        <sys_update_name>sys_hub_flow_c3f2311bdb344300346ff2b6ae9619c8</sys_update_name>
        <sys_updated_by>stefan.grabs</sys_updated_by>
        <sys_updated_on>2017-08-30 22:14:48</sys_updated_on>
    </sys_hub_flow>
</record_update>
