<?xml version="1.0" encoding="UTF-8"?>
<record_update table="sys_hub_flow_block">
    <sys_hub_flow_block action="INSERT_OR_UPDATE">
        <label_cache/>
        <name/>
        <sys_class_name>sys_hub_flow_block</sys_class_name>
        <sys_created_by>stefan.grabs</sys_created_by>
        <sys_created_on>2017-08-30 20:03:43</sys_created_on>
        <sys_id>9e97759bdb344300346ff2b6ae96191f</sys_id>
        <sys_mod_count>0</sys_mod_count>
        <sys_name/>
        <sys_package display_value="Security Operations Spoke" source="sn_sec_spoke">8ef54857dbc14300d11f77bcbf961975</sys_package>
        <sys_policy>read</sys_policy>
        <sys_scope display_value="Security Operations Spoke">8ef54857dbc14300d11f77bcbf961975</sys_scope>
        <sys_update_name>sys_hub_flow_block_9e97759bdb344300346ff2b6ae96191f</sys_update_name>
        <sys_updated_by>stefan.grabs</sys_updated_by>
        <sys_updated_on>2017-08-30 20:03:43</sys_updated_on>
    </sys_hub_flow_block>
</record_update>
