<?xml version="1.0" encoding="UTF-8"?>
<record_update table="sys_hub_flow_logic">
    <sys_hub_flow_logic action="INSERT_OR_UPDATE">
        <block display_value="">abe64657db744300346ff2b6ae96190e</block>
        <connected_to/>
        <display_text/>
        <flow display_value="Security Incident - Denial of Service - Template">c3f2311bdb344300346ff2b6ae9619c8</flow>
        <inputs/>
        <logic_definition display_value="If">af4e1945c3e232002841b63b12d3ae3e</logic_definition>
        <order>4</order>
        <parent_ui_id/>
        <sys_class_name>sys_hub_flow_logic</sys_class_name>
        <sys_created_by>stefan.grabs</sys_created_by>
        <sys_created_on>2017-08-30 21:10:42</sys_created_on>
        <sys_id>6fe64657db744300346ff2b6ae96190f</sys_id>
        <sys_mod_count>5</sys_mod_count>
        <sys_name/>
        <sys_package display_value="Security Operations Spoke" source="sn_sec_spoke">8ef54857dbc14300d11f77bcbf961975</sys_package>
        <sys_policy>read</sys_policy>
        <sys_scope display_value="Security Operations Spoke">8ef54857dbc14300d11f77bcbf961975</sys_scope>
        <sys_update_name>sys_hub_flow_logic_6fe64657db744300346ff2b6ae96190f</sys_update_name>
        <sys_updated_by>stefan.grabs</sys_updated_by>
        <sys_updated_on>2017-08-30 22:14:51</sys_updated_on>
        <ui_id>354deace-5ca5-4db1-a530-bb2113410c57</ui_id>
    </sys_hub_flow_logic>
    <sys_variable_value action="delete_multiple" query="document_key=6fe64657db744300346ff2b6ae96190f"/>
    <sys_variable_value action="INSERT_OR_UPDATE">
        <document>sys_hub_flow_logic</document>
        <document_key>6fe64657db744300346ff2b6ae96190f</document_key>
        <order>20</order>
        <sys_class_name>sys_variable_value</sys_class_name>
        <sys_created_by>stefan.grabs</sys_created_by>
        <sys_created_on>2017-08-30 21:10:42</sys_created_on>
        <sys_id>ebe64657db744300346ff2b6ae961912</sys_id>
        <sys_mod_count>0</sys_mod_count>
        <sys_updated_by>stefan.grabs</sys_updated_by>
        <sys_updated_on>2017-08-30 21:10:42</sys_updated_on>
        <value>{{e86b3024-7d56-4484-aae8-66a841c7c996.Security Incident Flow Response Task.outcome}}=yes</value>
        <variable display_value="">9a5f5105c32632002841b63b12d3ae46</variable>
    </sys_variable_value>
</record_update>
